Graph_Type,Base_Diameter,Achieved_Reduced_Diameter,QAOA_Layers_p,Formal_Strategy,Mean_AR,Max_AR,Min_AR,Std_AR,Unique_N_Tested,Total_Graphs_Tested,Baseline_Mean_AR,Absolute_AR_Lift,Improvement_Percentage
4-Regular,3,3,1,Standard_QAOA,0.857133337079438,0.96428570127542,0.7948895482358819,0.04201889006502721,7,32,0.857133337079438,0.0,0.0
4-Regular,3,2,1,XX_Mixer,0.8558020374988219,0.9642856985490666,0.7916665887398232,0.04298648614814356,7,32,0.857133337079438,-0.0013312995806160632,-0.15532000950427158
4-Regular,3,2,1,XX+YY_Mixer,0.8760271424295681,0.9642856974992012,0.8022506649175664,0.03959041909525615,7,32,0.857133337079438,0.01889380535013019,2.204301773456647
4-Regular,3,1,1,XX_Mixer,0.8739871630849375,0.964285687390968,0.7916666261062683,0.046083370807481316,7,32,0.857133337079438,0.01685382600549956,1.9663015398428696
4-Regular,3,1,1,XX+YY_Mixer,0.9973863822496838,0.999999955347218,0.95833306200398,0.008806193862516212,7,32,0.857133337079438,0.14025304517024584,16.363037009870425
4-Regular,3,3,2,Standard_QAOA,0.9825138420463962,0.999999963408946,0.9444443578568202,0.022066218133181194,7,32,0.9825138420463962,0.0,0.0
4-Regular,3,2,2,XX_Mixer,0.981310312785841,0.9999999444693228,0.9444442686908964,0.023198883883596418,7,32,0.9825138420463962,-0.001203529260555225,-0.12249489106926922
4-Regular,3,2,2,XX+YY_Mixer,0.9885728086695665,0.9999999068665816,0.9444442755524972,0.020711705960988744,7,32,0.9825138420463962,0.006058966623170292,0.6166800266702172
4-Regular,3,1,2,XX_Mixer,0.985121245444838,0.999999926954894,0.9361326495362744,0.023269095759914732,7,32,0.9825138420463962,0.0026074033984417877,0.2653808309724211
4-Regular,3,1,2,XX+YY_Mixer,0.9998650829290583,0.9999994935944136,0.9990043252305542,0.00027553915307582436,7,32,0.9825138420463962,0.017351240882662045,1.7660047258492146
4-Regular,3,3,3,Standard_QAOA,0.9983780692898963,0.9999995755816936,0.9583318367046498,0.00752638058004145,7,32,0.9983780692898963,0.0,0.0
4-Regular,3,2,3,XX_Mixer,0.9972748180056763,0.9999998347568728,0.9545447647555036,0.010723425775417742,7,32,0.9983780692898963,-0.0011032512842199527,-0.11050435883519039
4-Regular,3,2,3,XX+YY_Mixer,0.9986773268690057,0.9999995858615274,0.9583298484488976,0.007363207872043016,7,32,0.9983780692898963,0.0002992575791094243,0.029974374269085603
4-Regular,3,1,3,XX_Mixer,0.9916668369544934,0.9999998776448942,0.9224563392128028,0.019062068863116594,7,32,0.9983780692898963,-0.006711232335402828,-0.6722135172877186
4-Regular,3,1,3,XX+YY_Mixer,0.9951450930147839,0.9999944940788522,0.9554574740577062,0.00950674482368395,7,32,0.9983780692898963,-0.0032329762751123203,-0.32382284572935366
4-Regular,4,4,1,Standard_QAOA,0.8612480583379394,0.9374999992212296,0.8124999969312809,0.05579396609363166,3,13,0.8612480583379394,0.0,0.0
4-Regular,4,3,1,XX_Mixer,0.8652783963516762,0.9374999957155712,0.8124999919516969,0.059970758858635814,3,13,0.8612480583379394,0.004030338013736867,0.46796483019244495
4-Regular,4,3,1,XX+YY_Mixer,0.8650342273197632,0.9374999949787852,0.8124999855449899,0.06011914608454128,3,13,0.8612480583379394,0.003786168981823823,0.4396142255612719
4-Regular,4,2,1,XX_Mixer,0.8650342026018417,0.93749999489768,0.8124999852786107,0.06013060670967852,3,13,0.8612480583379394,0.0037861442639023357,0.4396113555494038
4-Regular,4,2,1,XX+YY_Mixer,0.8715088474137599,0.999999896942512,0.8124999624229805,0.06745007107198575,3,13,0.8612480583379394,0.010260789075820509,1.191386032918561
4-Regular,4,1,1,XX_Mixer,0.9172794517234373,0.9999999949624684,0.8328730370901447,0.0691086497784728,3,13,0.8612480583379394,0.056031393385497896,6.5058368309855865
4-Regular,4,1,1,XX+YY_Mixer,0.997036330024826,0.9999999843679492,0.9614750170953336,0.010684844769685719,3,13,0.8612480583379394,0.13578827168688656,15.766453157402127
4-Regular,4,4,2,Standard_QAOA,0.9415679428530558,0.9999999563147716,0.8749997753571553,0.0577538944871594,3,13,0.9415679428530558,0.0,0.0
4-Regular,4,3,2,XX_Mixer,0.9371300695898518,0.9999999664494468,0.8749998917046133,0.0572384870922752,3,13,0.9415679428530558,-0.004437873263203995,-0.4713279903898113
4-Regular,4,3,2,XX+YY_Mixer,0.9770708701995783,0.9999999915764544,0.8749999890649249,0.04032711651434295,3,13,0.9415679428530558,0.035502927346522495,3.770617682558804
4-Regular,4,2,2,XX_Mixer,0.938609287204266,0.9999999630401534,0.8749999069110236,0.05763061356245867,3,13,0.9415679428530558,-0.002958655648789832,-0.3142264635544808
4-Regular,4,2,2,XX+YY_Mixer,0.9914880183922115,0.9999999853255352,0.96153621797431,0.016213557918498156,3,13,0.9415679428530558,0.04992007553915567,5.301802797989519
4-Regular,4,1,2,XX_Mixer,0.9855701902179705,0.999999951965569,0.9225840751368072,0.02794165206553728,3,13,0.9415679428530558,0.04400224736491476,4.673294975568417
4-Regular,4,1,2,XX+YY_Mixer,0.9988491157009576,0.999999764596602,0.9914609932665072,0.002614218838836662,3,13,0.9415679428530558,0.057281172847901796,6.083594209285998
4-Regular,4,4,3,Standard_QAOA,0.946005337671254,0.9999998748824952,0.8749989440126913,0.05998870612297966,3,13,0.946005337671254,0.0,0.0
4-Regular,4,3,3,XX_Mixer,0.9430465686601627,0.9999996131545432,0.8749996918559941,0.05801976635512574,3,13,0.946005337671254,-0.002958769011091378,-0.31276451551265755
4-Regular,4,3,3,XX+YY_Mixer,0.9940806636704173,0.9999999630532344,0.9615369954306542,0.014443216083065456,3,13,0.946005337671254,0.0480753259991632,5.081929676793202
4-Regular,4,2,3,XX_Mixer,0.9460041288743533,0.9999998588592198,0.8749986441159567,0.05998825669534288,3,13,0.946005337671254,-1.2087969007978927e-06,-0.00012777907826329424
4-Regular,4,2,3,XX+YY_Mixer,0.9904350643896291,0.9999999677919652,0.9525957861902956,0.018297052419981173,3,13,0.946005337671254,0.044429726718375084,4.696561948344401
4-Regular,4,1,3,XX_Mixer,0.9849401314025207,0.9999998268156726,0.9053943974429272,0.030456596960836333,3,13,0.946005337671254,0.038934793731266626,4.115705501948958
4-Regular,4,1,3,XX+YY_Mixer,0.9894227103633706,0.9999987089797996,0.9484582688413852,0.020287740324105047,3,13,0.946005337671254,0.04341737269211654,4.589548384472699
Bipartite,4,4,1,Standard_QAOA,0.7378157805709176,0.772727263560947,0.6976569143859225,0.023782498782335435,9,14,0.7378157805709176,0.0,0.0
Bipartite,4,3,1,XX_Mixer,0.7393717042701379,0.772727271061984,0.6976569108746932,0.022557963410588903,9,14,0.7378157805709176,0.0015559236992203074,0.21088240997181473
Bipartite,4,3,1,XX+YY_Mixer,0.738471601248474,0.7727272698455419,0.6976568836671125,0.02340234179188602,9,14,0.7378157805709176,0.000655820677556429,0.08888677835664599
Bipartite,4,2,1,XX_Mixer,0.7393716989523423,0.7727272668554275,0.6976568137165573,0.022557974308451655,9,14,0.7378157805709176,0.0015559183814247701,0.21088168922340067
Bipartite,4,2,1,XX+YY_Mixer,0.7896712803250816,0.8409090702579889,0.7230939108560028,0.037957495756246545,9,14,0.7378157805709176,0.051855499754164036,7.028244870831923
Bipartite,4,1,1,XX_Mixer,0.7538411668280556,0.9090908522542172,0.7068965273095287,0.05172285596259204,9,14,0.7378157805709176,0.016025386257138008,2.1720037276429163
Bipartite,4,1,1,XX+YY_Mixer,0.9767440852312047,0.9999999345466438,0.9384102657925298,0.025066864876648463,9,14,0.7378157805709176,0.23892830466028714,32.38319251933129
Bipartite,4,4,2,Standard_QAOA,0.9439098736705593,0.9999999861661734,0.8799988957466249,0.046812274692092995,9,14,0.9439098736705593,0.0,0.0
Bipartite,4,3,2,XX_Mixer,0.9439096979743155,0.9999999638722704,0.8799992163385008,0.04681234978187646,9,14,0.9439098736705593,-1.7569624388702465e-07,-1.8613667341331957e-05
Bipartite,4,3,2,XX+YY_Mixer,0.9866932884406455,0.9999999862677672,0.911767297114728,0.030422905522455634,9,14,0.9439098736705593,0.04278341477008618,4.53257413270987
Bipartite,4,2,2,XX_Mixer,0.9424814133734173,0.9999999845651872,0.8600000992856707,0.04915889799200674,9,14,0.9439098736705593,-0.0014284602971420535,-0.15133439505058197
Bipartite,4,2,2,XX+YY_Mixer,0.9936970282627826,0.9999999679966,0.9117645387841764,0.023581792654124266,9,14,0.9439098736705593,0.04978715459222327,5.274566564137864
Bipartite,4,1,2,XX_Mixer,0.9790335769005207,0.9999999171682904,0.90051222821322,0.03486152170328299,9,14,0.9439098736705593,0.03512370322996139,3.7210865369356396
Bipartite,4,1,2,XX+YY_Mixer,0.9995143836896825,0.999999826743815,0.9961806605064636,0.0010584239013763205,9,14,0.9439098736705593,0.05560451001912314,5.89087068269508
Bipartite,4,4,3,Standard_QAOA,0.9935060791672925,0.9999999080118394,0.9090908293279398,0.02429638024184366,9,14,0.9935060791672925,0.0,0.0
Bipartite,4,3,3,XX_Mixer,0.9999991047061957,0.999999891510545,0.9999950172068478,1.2158738779352742e-06,9,14,0.9935060791672925,0.0064930255389031855,0.6535466339919447
Bipartite,4,3,3,XX+YY_Mixer,0.9999994438672151,0.9999998957901708,0.9999987979696744,3.367026843174622e-07,9,14,0.9935060791672925,0.006493364699922566,0.6535807717819887
Bipartite,4,2,3,XX_Mixer,0.9999985499465526,0.9999999319902226,0.9999899604314736,2.5233441821126643e-06,9,14,0.9935060791672925,0.006492470779260073,0.6534907954163441
Bipartite,4,2,3,XX+YY_Mixer,0.9999961081822821,0.9999998626608656,0.99998105585369,5.722033808376834e-06,9,14,0.9935060791672925,0.006490029014989629,0.6532450229624411
Bipartite,4,1,3,XX_Mixer,0.9946707598858902,0.9999997393816126,0.9797602744962882,0.008623348478585577,9,14,0.9935060791672925,0.0011646807185976549,0.11722934997779103
Bipartite,4,1,3,XX+YY_Mixer,0.9892367499241183,0.999999292747287,0.9538121426994074,0.016370937270077827,9,14,0.9935060791672925,-0.004269329243174247,-0.429723514802505
Bipartite,5,5,1,Standard_QAOA,0.775071081687577,0.874999996415475,0.7241175501818493,0.03586304085691081,9,22,0.775071081687577,0.0,0.0
Bipartite,5,4,1,XX_Mixer,0.7768845710335361,0.8749999960055075,0.7323895785174765,0.03663768168406698,9,20,0.775071081687577,0.0018134893459591517,0.23397716529567933
Bipartite,5,4,1,XX+YY_Mixer,0.7761195195354665,0.8749999917821821,0.732389573181714,0.0371407296320141,9,20,0.775071081687577,0.0010484378478895495,0.13526989622768093
Bipartite,5,3,1,XX_Mixer,0.7751106123275225,0.8749999952490651,0.7238921233468997,0.03626502546678167,9,22,0.775071081687577,3.953063994555084e-05,0.0051002599477044126
Bipartite,5,3,1,XX+YY_Mixer,0.7747359526866681,0.874999987288003,0.7327350026920263,0.03566540467184679,9,22,0.775071081687577,-0.00033512900090892916,-0.04323848596947346
Bipartite,5,2,1,XX_Mixer,0.7757534749879054,0.8749999884803001,0.732734968464418,0.03497927317773037,9,22,0.775071081687577,0.0006823933003283766,0.08804267330456825
Bipartite,5,2,1,XX+YY_Mixer,0.7946771756632476,0.8749999870437201,0.7327349629431582,0.03884285883283528,9,22,0.775071081687577,0.01960609397567059,2.5295865681095817
Bipartite,5,1,1,XX_Mixer,0.8022938458467376,0.9374999931802313,0.7388353623156118,0.054699125503570055,9,22,0.775071081687577,0.027222764159160584,3.512292588685923
Bipartite,5,1,1,XX+YY_Mixer,0.957429332326202,0.9999999385791438,0.8864397878875566,0.030699954007107098,9,22,0.775071081687577,0.18235825063862499,23.527938913882956
Bipartite,5,5,2,Standard_QAOA,0.9177604554248995,0.9642856599907444,0.8478259317794038,0.029814325393018235,9,22,0.9177604554248995,0.0,0.0
Bipartite,5,4,2,XX_Mixer,0.9164856424315582,0.9615383812342486,0.851188758043861,0.02743502164708522,9,20,0.9177604554248995,-0.0012748129933413122,-0.13890476385268818
Bipartite,5,4,2,XX+YY_Mixer,0.9481703853401852,0.9999999744172609,0.8511872947337004,0.04351103567905085,9,20,0.9177604554248995,0.030409929915285683,3.3134931599560655
Bipartite,5,3,2,XX_Mixer,0.9204506897385708,0.964285675853422,0.851188317654051,0.029283504877041268,9,22,0.9177604554248995,0.0026902343136713247,0.29313033676372724
Bipartite,5,3,2,XX+YY_Mixer,0.9598178652878127,0.9999999887922246,0.8913043067629143,0.04301051477229794,9,22,0.9177604554248995,0.042057409862913175,4.582612991692007
Bipartite,5,2,2,XX_Mixer,0.9215179780786454,0.9642856421114502,0.8511889946680553,0.02755890932444091,9,22,0.9177604554248995,0.0037575226537459594,0.4094230288018155
Bipartite,5,2,2,XX+YY_Mixer,0.9925512320697124,0.9999999266625526,0.9166661374744832,0.02355747930800472,9,22,0.9177604554248995,0.07479077664481293,8.149269910544001
Bipartite,5,1,2,XX_Mixer,0.9608795492542455,0.9999999542127712,0.8683499074755258,0.04120065423496068,9,22,0.9177604554248995,0.04311909382934598,4.698295026165946
Bipartite,5,1,2,XX+YY_Mixer,0.9982258521504508,0.9999997447386484,0.9790167646457356,0.004925953519632732,9,22,0.9177604554248995,0.08046539672555131,8.767581589500704
Bipartite,5,5,3,Standard_QAOA,0.9869967207494781,0.9999999704750896,0.9090903486015006,0.02924713226460123,9,22,0.9869967207494781,0.0,0.0
Bipartite,5,4,3,XX_Mixer,0.9860240864478446,0.9999999656182996,0.8947365905010322,0.03432278645516716,9,20,0.9869967207494781,-0.0009726343016335237,-0.09854483618698873
Bipartite,5,4,3,XX+YY_Mixer,0.996737811545159,0.9999999607703935,0.9347730221037246,0.014584998071189039,9,20,0.9869967207494781,0.009741090795680862,0.9869425694022512
Bipartite,5,3,3,XX_Mixer,0.9919553879153469,0.9999999702935616,0.9090902494608756,0.023430138223276657,9,22,0.9869967207494781,0.004958667165868791,0.5023995583393039
Bipartite,5,3,3,XX+YY_Mixer,0.9999993578635512,0.9999999631430994,0.9999978428167922,6.460417692715603e-07,9,22,0.9869967207494781,0.013002637114073123,1.317394155494209
Bipartite,5,2,3,XX_Mixer,0.988416805383683,0.9999998735421028,0.9090907688315716,0.029913949670047933,9,22,0.9869967207494781,0.0014200846342049545,0.14387936700808998
Bipartite,5,2,3,XX+YY_Mixer,0.9999966517947168,0.9999998433996644,0.999977677474756,5.5166959466906245e-06,9,22,0.9869967207494781,0.012999931045238666,1.3171199834754406
Bipartite,5,1,3,XX_Mixer,0.9812666662370542,0.9999997443047066,0.9056703474552964,0.028760501532860906,9,22,0.9869967207494781,-0.005730054512423921,-0.5805545643629689
Bipartite,5,1,3,XX+YY_Mixer,0.9886489833335331,0.9999992304269256,0.9282544639350804,0.020656461461494358,9,22,0.9869967207494781,0.001652262584055042,0.16740304697267816
Bipartite,6,6,1,Standard_QAOA,0.8040323903783533,0.8571428513847745,0.7608695476715335,0.048857630934950824,3,5,0.8040323903783533,0.0,0.0
Bipartite,6,5,1,XX_Mixer,0.7693236620716457,0.7777777647774923,0.7608695593657993,0.011955906704303177,2,2,0.8040323903783533,-0.03470872830670757,-4.316832098066932
Bipartite,6,5,1,XX+YY_Mixer,0.7693236587599863,0.7777777688566899,0.7608695486632828,0.011955917156553439,2,2,0.8040323903783533,-0.03470873161836696,-4.316832509948273
Bipartite,6,4,1,XX_Mixer,0.7996845667091416,0.8571428545202987,0.7391304208391251,0.05432078227607596,3,5,0.8040323903783533,-0.0043478236692117145,-0.5407523031709904
Bipartite,6,4,1,XX+YY_Mixer,0.8032181771681687,0.8571428546438975,0.7608695400145475,0.0496517615796325,3,5,0.8040323903783533,-0.0008142132101846,-0.1012662201085526
Bipartite,6,3,1,XX_Mixer,0.8040323634133747,0.8571428498162446,0.7608694310763923,0.0488576583555527,3,5,0.8040323903783533,-2.696497858334368e-08,-3.353717947936746e-06
Bipartite,6,3,1,XX+YY_Mixer,0.7996845570198694,0.8571428503082185,0.7391303855543896,0.05432079112920062,3,5,0.8040323903783533,-0.004347833358483877,-0.5407535082557954
Bipartite,6,2,1,XX_Mixer,0.7996845608276468,0.8571428449952003,0.7391304189907807,0.054320778817191474,3,5,0.8040323903783533,-0.00434782955070645,-0.5407530346707169
Bipartite,6,2,1,XX+YY_Mixer,0.8105540872540449,0.8571428446504016,0.7672288826623712,0.04354300337357381,3,5,0.8040323903783533,0.006521696875691596,0.8111236504567538
Bipartite,6,1,1,XX_Mixer,0.852445040464952,0.9999999260188952,0.7608695002770398,0.10655300530014264,3,5,0.8040323903783533,0.048412650086598674,6.021231316790254
Bipartite,6,1,1,XX+YY_Mixer,0.9671147530831423,0.999999964590256,0.928571323913083,0.03435068625488208,3,5,0.8040323903783533,0.16308236270478904,20.283058824041582
Bipartite,6,6,2,Standard_QAOA,0.9116775868086961,0.928571425280162,0.8888888268293874,0.019956863616128497,3,5,0.9116775868086961,0.0,0.0
Bipartite,6,5,2,XX_Mixer,0.8900961695955146,0.8913039745695562,0.888888364621473,0.0017080941749913205,2,2,0.9116775868086961,-0.02158141721318152,-2.3672203337505215
Bipartite,6,5,2,XX+YY_Mixer,0.8900960434700789,0.8913038866038225,0.8888882003363351,0.0017081481409595561,2,2,0.9116775868086961,-0.02158154333861728,-2.3672341681847104
Bipartite,6,4,2,XX_Mixer,0.9069812630034194,0.928571416426054,0.8654079555254186,0.027858398969305555,3,5,0.9116775868086961,-0.004696323805276736,-0.5151298960541628
Bipartite,6,4,2,XX+YY_Mixer,0.9116772997139195,0.9285714201025728,0.8888884118143713,0.019957112628974347,3,5,0.9116775868086961,-2.8709477661870153e-07,-3.1490823156426314e-05
Bipartite,6,3,2,XX_Mixer,0.9116775809898225,0.9285714137659205,0.8888887087887191,0.019956921943060046,3,5,0.9116775868086961,-5.818873605178965e-09,-6.382600262827323e-07
Bipartite,6,3,2,XX+YY_Mixer,0.9510331222293431,0.9999998427982464,0.9285714089031576,0.028386648219811846,3,5,0.9116775868086961,0.03935553542064696,4.316826034783853
Bipartite,6,2,2,XX_Mixer,0.9064144229574318,0.9285714179818252,0.8888886671235662,0.02033292618804826,3,5,0.9116775868086961,-0.005263163851264352,-0.5773053903505427
Bipartite,6,2,2,XX+YY_Mixer,0.9851255329392196,0.9999999485569924,0.9473681932940782,0.02311104355436338,3,5,0.9116775868086961,0.07344794613052341,8.05635097245574
Bipartite,6,1,2,XX_Mixer,0.9436335330679292,0.9999998766607078,0.8888850959360912,0.05437283089392154,3,5,0.9116775868086961,0.03195594625923304,3.505180638595493
Bipartite,6,1,2,XX+YY_Mixer,0.9989309848389946,0.9999996482887956,0.9947700765286662,0.0023261920786189303,3,5,0.9116775868086961,0.08725339803029841,9.570642000285066
Bipartite,6,6,3,Standard_QAOA,0.9597280439185223,0.9999985126295536,0.9285713903579016,0.02881973858685591,3,5,0.9597280439185223,0.0,0.0
Bipartite,6,5,3,XX_Mixer,0.9722215292958654,0.9999988534108856,0.9444442051808452,0.03928306848989481,2,2,0.9597280439185223,0.012493485377343072,1.3017735030783082
Bipartite,6,5,3,XX+YY_Mixer,0.9722214820422441,0.9999987870562732,0.944444177028215,0.039283041477014106,2,2,0.9597280439185223,0.012493438123721834,1.3017685794312879
Bipartite,6,4,3,XX_Mixer,0.9640759394339208,0.9999998054045748,0.9285711238817214,0.03356406037094221,3,5,0.9597280439185223,0.004347895515398492,0.4530341217962381
Bipartite,6,4,3,XX+YY_Mixer,0.9851245908693487,0.999999051019621,0.9473665957939,0.02311044815783732,3,5,0.9597280439185223,0.025396546950826382,2.646223282913932
Bipartite,6,3,3,XX_Mixer,0.9783611735816118,0.9999999279107842,0.9444437818625172,0.02964562753220446,3,5,0.9597280439185223,0.018633129663089498,1.9415010097038894
Bipartite,6,3,3,XX+YY_Mixer,0.9985292327181309,0.9999999409104688,0.9926523828790724,0.003285259460341964,3,5,0.9597280439185223,0.03880118879960859,4.042935813481624
Bipartite,6,2,3,XX_Mixer,0.9640587535133704,0.9999999335550634,0.9285711819281248,0.03354044026331883,3,5,0.9597280439185223,0.004330709594848159,0.4512434144537535
Bipartite,6,2,3,XX+YY_Mixer,0.9999379724936585,0.9999995688968832,0.9997003451401716,0.0001328548985273079,3,5,0.9597280439185223,0.04020992857513617,4.189721122554783
Bipartite,6,1,3,XX_Mixer,0.9636497077996993,0.9999998157077544,0.9303013734336828,0.03365153255778178,3,5,0.9597280439185223,0.003921663881176984,0.40862241194547405
Bipartite,6,1,3,XX+YY_Mixer,0.9865049797270737,0.9999988487325068,0.951139534633996,0.020385746678699142,3,5,0.9597280439185223,0.02677693580855145,2.7900545345348604
Bipartite,7,7,1,Standard_QAOA,0.7965367886475824,0.833333326682284,0.7380952232608248,0.051175721710910664,3,3,0.7965367886475824,0.0,0.0
Bipartite,7,5,1,XX_Mixer,0.7380951859428447,0.7380951859428447,0.7380951859428447,0.0,1,1,0.7965367886475824,-0.05844160270473764,-7.336962151360768
Bipartite,7,5,1,XX+YY_Mixer,0.7380952222799202,0.7380952222799202,0.7380952222799202,0.0,1,1,0.7965367886475824,-0.05844156636766218,-7.33695758947788
Bipartite,7,4,1,XX_Mixer,0.7965367783241305,0.8333333261114187,0.738095196017815,0.0511757363936168,3,3,0.7965367886475824,-1.0323451871130374e-08,-1.2960420683969005e-06
Bipartite,7,4,1,XX+YY_Mixer,0.7965367868973133,0.8333333246373157,0.7380952227470933,0.05117572069973583,3,3,0.7965367886475824,-1.7502690408122135e-09,-2.197348654522218e-07
Bipartite,7,3,1,XX_Mixer,0.7965367914834007,0.833333331311345,0.7380952293994589,0.05117571939202879,3,3,0.7965367886475824,2.835818357915798e-09,3.560185038949243e-07
Bipartite,7,3,1,XX+YY_Mixer,0.7965367648620806,0.8333333213521682,0.7380951757959672,0.05117574297124522,3,3,0.7965367886475824,-2.378550179038541e-08,-2.9861146565207807e-06
Bipartite,7,2,1,XX_Mixer,0.7965367820289542,0.8333333180736953,0.7380952182038305,0.05117572019440207,3,3,0.7965367886475824,-6.618628201060517e-09,-8.309256139064338e-07
Bipartite,7,2,1,XX+YY_Mixer,0.8243145386418932,0.8333333139362394,0.8181817847601007,0.00797740865125608,3,3,0.7965367886475824,0.02777774999431082,3.487315387086375
Bipartite,7,1,1,XX_Mixer,0.8150554755937499,0.8888888706691868,0.7380957510779941,0.0754451567752231,3,3,0.7965367886475824,0.01851868694616754,2.3249003950727625
Bipartite,7,1,1,XX+YY_Mixer,0.9642921236243858,0.9999999211535592,0.938331061335479,0.031968909954804565,3,3,0.7965367886475824,0.1677553349768034,21.06058845839757
Bipartite,7,7,2,Standard_QAOA,0.9425203293581162,0.9545453867351792,0.9285711899957644,0.013093559205924178,3,3,0.9425203293581162,0.0,0.0
Bipartite,7,5,2,XX_Mixer,0.9285712369454924,0.9285712369454924,0.9285712369454924,0.0,1,1,0.9425203293581162,-0.013949092412623876,-1.4799778825061114
Bipartite,7,5,2,XX+YY_Mixer,0.95238018338678,0.95238018338678,0.95238018338678,0.0,1,1,0.9425203293581162,0.00985985402866374,1.046115794168449
Bipartite,7,4,2,XX_Mixer,0.9504568407891525,0.9545454148442726,0.9444444250622333,0.00531821151589786,3,3,0.9425203293581162,0.007936511431036242,0.8420520156250886
Bipartite,7,4,2,XX+YY_Mixer,0.9583921445511628,0.9761903548753944,0.9444420713833196,0.016220187910565925,3,3,0.9425203293581162,0.01587181519304659,1.6839758993692748
Bipartite,7,3,2,XX_Mixer,0.9504568483198135,0.95454543337356,0.9444442600330208,0.0053183425091360625,3,3,0.9425203293581162,0.007936518961697225,0.8420528146169776
Bipartite,7,3,2,XX+YY_Mixer,0.9814813683203937,0.9999999137010036,0.9444443924370604,0.03207496199436967,3,3,0.9425203293581162,0.03896103896227743,4.133708074902854
Bipartite,7,2,2,XX_Mixer,0.9240018064882354,0.9545453574227892,0.888889413519908,0.03306556336419738,3,3,0.9425203293581162,-0.01851852286988087,-1.9647876330150378
Bipartite,7,2,2,XX+YY_Mixer,0.9886293068908995,0.99999992905048,0.96588813669027,0.019694431105565697,3,3,0.9425203293581162,0.0461089775327832,4.892093687165852
Bipartite,7,1,2,XX_Mixer,0.9689755958097127,0.9999998926925752,0.9523816002262404,0.02688960098338637,3,3,0.9425203293581162,0.02645526645159646,2.8068642794806626
Bipartite,7,1,2,XX+YY_Mixer,0.999974033435327,0.9999995440443396,0.999923889640514,4.342801614806139e-05,3,3,0.9425203293581162,0.05745370407721073,6.095752238717055
Bipartite,7,7,3,Standard_QAOA,0.9583930802307153,0.9761896580017848,0.9444443751925052,0.016218672528493138,3,3,0.9583930802307153,0.0,0.0
Bipartite,7,5,3,XX_Mixer,0.9761894519807596,0.9761894519807596,0.9761894519807596,0.0,1,1,0.9583930802307153,0.017796371750044226,1.85689693687689
Bipartite,7,5,3,XX+YY_Mixer,0.9999977227955054,0.9999977227955054,0.9999977227955054,0.0,1,1,0.9583930802307153,0.04160464256479002,4.341083363704428
Bipartite,7,4,3,XX_Mixer,0.9583926600789132,0.9761884337307718,0.9444443075288784,0.016218026203317838,3,3,0.9583930802307153,-4.201518021273998e-07,-4.383919404199538e-05
Bipartite,7,4,3,XX+YY_Mixer,0.999997004542351,0.9999995807102722,0.9999956510634938,2.231985071956254e-06,3,3,0.9583930802307153,0.04160392431163562,4.341008420221507
Bipartite,7,3,3,XX_Mixer,0.9583930041585309,0.9761896533740826,0.944444350867174,0.016218704087819336,3,3,0.9583930802307153,-7.607218444061203e-08,-7.9374722136244e-06
Bipartite,7,3,3,XX+YY_Mixer,0.9999995120038294,0.9999999041857524,0.9999991126973105,3.9579231713770666e-07,3,3,0.9583930802307153,0.04160643177311407,4.341270052064451
Bipartite,7,2,3,XX_Mixer,0.9582258644641737,0.9756887210697331,0.9444438001090796,0.01594435464836026,3,3,0.9583930802307153,-0.00016721576654166181,-0.017447513968006503
Bipartite,7,2,3,XX+YY_Mixer,0.999999171438389,0.9999998332333168,0.9999984245262612,7.08200250902944e-07,3,3,0.9583930802307153,0.04160609120767367,4.341234517016523
Bipartite,7,1,3,XX_Mixer,0.9908110289489622,0.9999873961441756,0.9726145562342264,0.0157588013145484,3,3,0.9583930802307153,0.03241794871824688,3.3825315924070383
Bipartite,7,1,3,XX+YY_Mixer,0.9950584719672153,0.9999887935169413,0.9852345640170422,0.008507773676344692,3,3,0.9583930802307153,0.036665391736499964,3.8257154076773436
Bipartite,9,9,1,Standard_QAOA,0.8499999945164969,0.8499999945164969,0.8499999945164969,0.0,1,1,0.8499999945164969,0.0,0.0
Bipartite,9,6,1,XX_Mixer,0.8499999922657402,0.8499999922657402,0.8499999922657402,0.0,1,1,0.8499999945164969,-2.2507566921348143e-09,-2.647949066652766e-07
Bipartite,9,6,1,XX+YY_Mixer,0.8499999969959839,0.8499999969959839,0.8499999969959839,0.0,1,1,0.8499999945164969,2.4794870601141383e-09,2.9170436189526543e-07
Bipartite,9,5,1,XX_Mixer,0.8499999991422262,0.8499999991422262,0.8499999991422262,0.0,1,1,0.8499999945164969,4.625729355112185e-09,5.442034570533645e-07
Bipartite,9,5,1,XX+YY_Mixer,0.8499999976278632,0.8499999976278632,0.8499999976278632,0.0,1,1,0.8499999945164969,3.1113662757320526e-09,3.6604309362400437e-07
Bipartite,9,4,1,XX_Mixer,0.84999999622498,0.84999999622498,0.84999999622498,0.0,1,1,0.8499999945164969,1.7084831327451866e-09,2.009980169137552e-07
Bipartite,9,4,1,XX+YY_Mixer,0.8499999867686914,0.8499999867686914,0.8499999867686914,0.0,1,1,0.8499999945164969,-7.747805508273586e-09,-9.115065362654207e-07
Bipartite,9,3,1,XX_Mixer,0.8499999871607485,0.8499999871607485,0.8499999871607485,0.0,1,1,0.8499999945164969,-7.355748343762514e-09,-8.653821636724437e-07
Bipartite,9,3,1,XX+YY_Mixer,0.8499999969591471,0.8499999969591471,0.8499999969591471,0.0,1,1,0.8499999945164969,2.442650193223983e-09,2.8737061282140703e-07
Bipartite,9,2,1,XX_Mixer,0.8499999831628541,0.8499999831628541,0.8499999831628541,0.0,1,1,0.8499999945164969,-1.1353642803690889e-08,-1.3357226914041512e-06
Bipartite,9,2,1,XX+YY_Mixer,0.8499999781632115,0.8499999781632115,0.8499999781632115,0.0,1,1,0.8499999945164969,-1.6353285392511907e-08,-1.923915940942341e-06
Bipartite,9,1,1,XX_Mixer,0.8999999878002519,0.8999999878002519,0.8999999878002519,0.0,1,1,0.8499999945164969,0.04999999328375504,5.8823521889781185
Bipartite,9,1,1,XX+YY_Mixer,0.9499997530444512,0.9499997530444512,0.9499997530444512,0.0,1,1,0.8499999945164969,0.09999975852795429,11.764677549773028
Bipartite,9,9,2,Standard_QAOA,0.8999999813951076,0.8999999813951076,0.8999999813951076,0.0,1,1,0.8999999813951076,0.0,0.0
Bipartite,9,6,2,XX_Mixer,0.8999997343608662,0.8999997343608662,0.8999997343608662,0.0,1,1,0.8999999813951076,-2.4703424139627117e-07,-2.744824961144316e-05
Bipartite,9,6,2,XX+YY_Mixer,0.8999999579920572,0.8999999579920572,0.8999999579920572,0.0,1,1,0.8999999813951076,-2.3403050386505697e-08,-2.6003389855884408e-06
Bipartite,9,5,2,XX_Mixer,0.8999998846198203,0.8999998846198203,0.8999998846198203,0.0,1,1,0.8999999813951076,-9.67752873393124e-08,-1.0752809926651235e-05
Bipartite,9,5,2,XX+YY_Mixer,0.8999999566834,0.8999999566834,0.8999999566834,0.0,1,1,0.8999999813951076,-2.4711707569124997e-08,-2.7457453422186626e-06
Bipartite,9,4,2,XX_Mixer,0.8999999780548731,0.8999999780548731,0.8999999780548731,0.0,1,1,0.8999999813951076,-3.340234533411035e-09,-3.711371780511897e-07
Bipartite,9,4,2,XX+YY_Mixer,0.8999999621470064,0.8999999621470064,0.8999999621470064,0.0,1,1,0.8999999813951076,-1.924810122400089e-08,-2.138677957988847e-06
Bipartite,9,3,2,XX_Mixer,0.8999999417352814,0.8999999417352814,0.8999999417352814,0.0,1,1,0.8999999813951076,-3.9659826200910686e-08,-4.406647446751411e-06
Bipartite,9,3,2,XX+YY_Mixer,0.8999998933069413,0.8999998933069413,0.8999998933069413,0.0,1,1,0.8999999813951076,-8.808816631677985e-08,-9.7875742375275e-06
Bipartite,9,2,2,XX_Mixer,0.8999998929466775,0.8999998929466775,0.8999998929466775,0.0,1,1,0.8999999813951076,-8.844843013555703e-08,-9.827603551552455e-06
Bipartite,9,2,2,XX+YY_Mixer,0.9999998668436584,0.9999998668436584,0.9999998668436584,0.0,1,1,0.8999999813951076,0.09999988544855076,11.111098612862078
Bipartite,9,1,2,XX_Mixer,0.94999956748109,0.94999956748109,0.94999956748109,0.0,1,1,0.8999999813951076,0.04999958608598243,5.555509679953225
Bipartite,9,1,2,XX+YY_Mixer,0.99999952836984,0.99999952836984,0.99999952836984,0.0,1,1,0.8999999813951076,0.09999954697473235,11.111061004659256
Bipartite,9,9,3,Standard_QAOA,0.9499994439047176,0.9499994439047176,0.9499994439047176,0.0,1,1,0.9499994439047176,0.0,0.0
Bipartite,9,6,3,XX_Mixer,0.9499986864369774,0.9499986864369774,0.9499986864369774,0.0,1,1,0.9499994439047176,-7.574677401978036e-07,-7.973349300968386e-05
Bipartite,9,6,3,XX+YY_Mixer,0.94999972944323,0.94999972944323,0.94999972944323,0.0,1,1,0.9499994439047176,2.855385123901044e-07,3.005670310884342e-05
Bipartite,9,5,3,XX_Mixer,0.949999044141603,0.949999044141603,0.949999044141603,0.0,1,1,0.9499994439047176,-3.9976311461131786e-07,-4.208035248612346e-05
Bipartite,9,5,3,XX+YY_Mixer,0.9499994142330788,0.9499994142330788,0.9499994142330788,0.0,1,1,0.9499994439047176,-2.9671638812622803e-08,-3.1233322296132613e-06
Bipartite,9,4,3,XX_Mixer,0.9499993115037983,0.9499993115037983,0.9499993115037983,0.0,1,1,0.9499994439047176,-1.3240091922828157e-07,-1.3936947024314366e-05
Bipartite,9,4,3,XX+YY_Mixer,0.999999130570642,0.999999130570642,0.999999130570642,0.0,1,1,0.9499994439047176,0.04999968666592447,5.263127993045362
Bipartite,9,3,3,XX_Mixer,0.9499984404441854,0.9499984404441854,0.9499984404441854,0.0,1,1,0.9499994439047176,-1.0034605322228884e-06,-0.0001056274862749849
Bipartite,9,3,3,XX+YY_Mixer,0.9999909029446862,0.9999909029446862,0.9999909029446862,0.0,1,1,0.9499994439047176,0.0499914590399686,5.262261926648307
Bipartite,9,2,3,XX_Mixer,0.9499997953895652,0.9499997953895652,0.9499997953895652,0.0,1,1,0.9499994439047176,3.514848476715571e-07,3.6998426675585516e-05
Bipartite,9,2,3,XX+YY_Mixer,0.9999985400722972,0.9999985400722972,0.9999985400722972,0.0,1,1,0.9499994439047176,0.04999909616757958,5.263065835288463
Bipartite,9,1,3,XX_Mixer,0.9703665172820068,0.9703665172820068,0.9703665172820068,0.0,1,1,0.9499994439047176,0.02036707337728927,2.143903715730178
Bipartite,9,1,3,XX+YY_Mixer,0.999806718146406,0.999806718146406,0.999806718146406,0.0,1,1,0.9499994439047176,0.049807274241688404,5.242874041796171
Tree,4,4,1,Standard_QAOA,0.8681928865427548,0.868192888414611,0.8681928846708986,2.647204421771281e-09,1,2,0.8681928865427548,0.0,0.0
Tree,4,3,1,XX_Mixer,0.868192881624746,0.8681928867486491,0.8681928765008428,7.246293384474539e-09,1,2,0.8681928865427548,-4.918008889021053e-09,-5.664650062505277e-07
Tree,4,3,1,XX+YY_Mixer,0.8681928664528933,0.8681928728393704,0.868192860066416,9.031842683604358e-09,1,2,0.8681928865427548,-2.0089861552108346e-08,-2.3139859659652953e-06
Tree,4,2,1,XX_Mixer,0.8681928722971212,0.8681928811078359,0.8681928634864065,1.2460232241847755e-08,1,2,0.8681928865427548,-1.4245633672693714e-08,-1.6408374099241338e-06
Tree,4,2,1,XX+YY_Mixer,0.8681928394290037,0.8681928421154304,0.8681928367425771,3.7991809839413865e-09,1,2,0.8681928865427548,-4.711375112265159e-08,-5.426645605248395e-06
Tree,4,1,1,XX_Mixer,0.928571410885954,0.92857142566577,0.928571396106138,2.0901816250645485e-08,1,2,0.8681928865427548,0.060378524343199125,6.954505764684786
Tree,4,1,1,XX+YY_Mixer,0.9642856252159588,0.9999998798780784,0.9285713705538392,0.05050758331321601,1,2,0.8681928865427548,0.096092738673204,11.068132457967547
Tree,4,4,2,Standard_QAOA,0.9999999602460439,0.9999999800472208,0.9999999404448668,2.800309299096494e-08,1,2,0.9999999602460439,0.0,0.0
Tree,4,3,2,XX_Mixer,0.999999983422481,0.9999999853324592,0.9999999815125028,2.7011170397959092e-09,1,2,0.9999999602460439,2.317643710281203e-08,2.317643802416713e-06
Tree,4,3,2,XX+YY_Mixer,0.9999999892389538,0.9999999976091428,0.9999999808687648,1.1837234784138882e-08,1,2,0.9999999602460439,2.8992909961722546e-08,2.8992911114305464e-06
Tree,4,2,2,XX_Mixer,0.9999999787150993,0.9999999818316568,0.9999999755985416,4.407478019230406e-09,1,2,0.9999999602460439,1.8469055396153067e-08,1.8469056130371115e-06
Tree,4,2,2,XX+YY_Mixer,0.9999999104444997,0.9999999455495276,0.9999998753394718,4.964600665967049e-08,1,2,0.9999999602460439,-4.9801544221850236e-08,-4.980154620165871e-06
Tree,4,1,2,XX_Mixer,0.9999999020187915,0.9999999107284776,0.9999998933091054,1.2317356183246219e-08,1,2,0.9999999602460439,-5.822725235304915e-08,-5.822725466781288e-06
Tree,4,1,2,XX+YY_Mixer,0.9999996125484835,0.9999997187002098,0.9999995063967572,1.5012121099982032e-07,1,2,0.9999999602460439,-3.4769756040997635e-07,-3.4769757423233046e-05
Tree,4,4,3,Standard_QAOA,0.9999999449960014,0.9999999909352076,0.9999998990567952,6.496784847655444e-08,1,2,0.9999999449960014,0.0,0.0
Tree,4,3,3,XX_Mixer,0.9999999567387122,0.999999973697922,0.9999999397795024,2.398394452645758e-08,1,2,0.9999999449960014,1.174271080373046e-08,1.1742711449626545e-06
Tree,4,3,3,XX+YY_Mixer,0.9999999719591535,0.9999999729332326,0.9999999709850744,1.3775558279495954e-09,1,2,0.9999999449960014,2.6963152044423566e-08,2.6963153527504823e-06
Tree,4,2,3,XX_Mixer,0.9999997069599162,0.9999999311618584,0.9999994827579742,3.170694272212043e-07,1,2,0.9999999449960014,-2.3803608517614094e-07,-2.3803609826907815e-05
Tree,4,2,3,XX+YY_Mixer,0.9999997711426911,0.9999998539120794,0.999999688373303,1.1705359134797995e-07,1,2,0.9999999449960014,-1.738533103035067e-07,-1.7385331986613446e-05
Tree,4,1,3,XX_Mixer,0.9999997846407304,0.9999999221559264,0.9999996471255344,1.9447585522709353e-07,1,2,0.9999999449960014,-1.603552710616185e-07,-1.603552798818001e-05
Tree,4,1,3,XX+YY_Mixer,0.9999969556493211,0.999997661738844,0.9999962495597982,9.985613795825683e-07,1,2,0.9999999449960014,-2.9893466803043722e-06,-0.0002989346844730402
Tree,5,5,1,Standard_QAOA,0.8749999973690097,0.8749999973690097,0.8749999973690097,0.0,1,1,0.8749999973690097,0.0,0.0
Tree,5,4,1,XX_Mixer,0.8749999881032228,0.8749999881032228,0.8749999881032228,0.0,1,1,0.8749999973690097,-9.265786915513274e-09,-1.0589470792427509e-06
Tree,5,4,1,XX+YY_Mixer,0.8749999936566273,0.8749999936566273,0.8749999936566273,0.0,1,1,0.8749999973690097,-3.712382401488412e-09,-4.2427227573153997e-07
Tree,5,3,1,XX_Mixer,0.8749999974477365,0.8749999974477365,0.8749999974477365,0.0,1,1,0.8749999973690097,7.872680285458955e-11,8.99734892472102e-09
Tree,5,3,1,XX+YY_Mixer,0.8749999964052496,0.8749999964052496,0.8749999964052496,0.0,1,1,0.8749999973690097,-9.637600717482542e-10,-1.1014400853098656e-07
Tree,5,2,1,XX_Mixer,0.874999977034399,0.874999977034399,0.874999977034399,0.0,1,1,0.8749999973690097,-2.033461066197617e-08,-2.3239555112136244e-06
Tree,5,2,1,XX+YY_Mixer,0.874999946119665,0.874999946119665,0.874999946119665,0.0,1,1,0.8749999973690097,-5.1249344656945084e-08,-5.857067978405026e-06
Tree,5,1,1,XX_Mixer,0.9374999853202196,0.9374999853202196,0.9374999853202196,0.0,1,1,0.8749999973690097,0.06249998795120992,7.142855787330031
Tree,5,1,1,XX+YY_Mixer,0.9008881887990184,0.9008881887990184,0.9008881887990184,0.0,1,1,0.8749999973690097,0.025888191430008756,2.9586504580400645
Tree,5,5,2,Standard_QAOA,0.9374999830452416,0.9374999830452416,0.9374999830452416,0.0,1,1,0.9374999830452416,0.0,0.0
Tree,5,4,2,XX_Mixer,0.9374999918961168,0.9374999918961168,0.9374999918961168,0.0,1,1,0.9374999830452416,8.850875143906478e-09,9.440933657573576e-07
Tree,5,4,2,XX+YY_Mixer,0.9374999734692246,0.9374999734692246,0.9374999734692246,0.0,1,1,0.9374999830452416,-9.576016979373492e-09,-1.0214418296060253e-06
Tree,5,3,2,XX_Mixer,0.9374999858291712,0.9374999858291712,0.9374999858291712,0.0,1,1,0.9374999830452416,2.7839295313469847e-09,2.9695248871408657e-07
Tree,5,3,2,XX+YY_Mixer,0.9999998037214918,0.9999998037214918,0.9999998037214918,0.0,1,1,0.9374999830452416,0.06249982067625015,6.666647659366844
Tree,5,2,2,XX_Mixer,0.9374999507014434,0.9374999507014434,0.9374999507014434,0.0,1,1,0.9374999830452416,-3.2343798195277884e-08,-3.4500052032232456e-06
Tree,5,2,2,XX+YY_Mixer,0.999999942708135,0.999999942708135,0.999999942708135,0.0,1,1,0.9374999830452416,0.062499959662893345,6.666662484609052
Tree,5,1,2,XX_Mixer,0.9375001899337844,0.9375001899337844,0.9375001899337844,0.0,1,1,0.9374999830452416,2.0688854274197865e-07,2.206811162491452e-05
Tree,5,1,2,XX+YY_Mixer,0.999999457195156,0.999999457195156,0.999999457195156,0.0,1,1,0.9374999830452416,0.062499474149914414,6.666610696557029
Tree,5,5,3,Standard_QAOA,0.9999999501723652,0.9999999501723652,0.9999999501723652,0.0,1,1,0.9999999501723652,0.0,0.0
Tree,5,4,3,XX_Mixer,0.99999970737129,0.99999970737129,0.99999970737129,0.0,1,1,0.9999999501723652,-2.428010752453247e-07,-2.4280108734352862e-05
Tree,5,4,3,XX+YY_Mixer,0.9999992694288686,0.9999992694288686,0.9999992694288686,0.0,1,1,0.9999999501723652,-6.807434965727666e-07,-6.807435304926066e-05
Tree,5,3,3,XX_Mixer,0.9999999478494082,0.9999999478494082,0.9999999478494082,0.0,1,1,0.9999999501723652,-2.322957048939145e-09,-2.322957164686606e-07
Tree,5,3,3,XX+YY_Mixer,0.9999995926612336,0.9999995926612336,0.9999995926612336,0.0,1,1,0.9999999501723652,-3.575111315878843e-07,-3.575111494018193e-05
Tree,5,2,3,XX_Mixer,0.9999998714812174,0.9999998714812174,0.9999998714812174,0.0,1,1,0.9999999501723652,-7.869114782010911e-08,-7.869115174110307e-06
Tree,5,2,3,XX+YY_Mixer,0.9999996022964096,0.9999996022964096,0.9999996022964096,0.0,1,1,0.9999999501723652,-3.478759555974875e-07,-3.4787597293132445e-05
Tree,5,1,3,XX_Mixer,0.99999864048017,0.99999864048017,0.99999864048017,0.0,1,1,0.9999999501723652,-1.3096921952504559e-06,-0.00013096922605093235
Tree,5,1,3,XX+YY_Mixer,0.999994931308617,0.999994931308617,0.999994931308617,0.0,1,1,0.9999999501723652,-5.018863748151858e-06,-0.0005018863998229981
Tree,6,6,1,Standard_QAOA,0.8413584395094624,0.863636352516142,0.8077350174840745,0.01680668396267657,5,13,0.8413584395094624,0.0,0.0
Tree,6,5,1,XX_Mixer,0.8360337044614065,0.8636363601379742,0.8077350124760952,0.017272213133307547,4,9,0.8413584395094624,-0.005324735048055973,-0.6328735528178044
Tree,6,5,1,XX+YY_Mixer,0.8360337023465073,0.8636363531794499,0.8077350112049764,0.017272211272007704,4,9,0.8413584395094624,-0.005324737162955118,-0.6328738041850037
Tree,6,4,1,XX_Mixer,0.8448474663726929,0.8636363504736102,0.8077350221199809,0.0158719310532856,4,11,0.8413584395094624,0.0034890268632304933,0.4146897088552059
Tree,6,4,1,XX+YY_Mixer,0.8448474668965549,0.8636363495784216,0.8077350201680005,0.015871932356712845,4,11,0.8413584395094624,0.003489027387092447,0.41468977111903177
Tree,6,3,1,XX_Mixer,0.8413584369001978,0.8636363552810558,0.8077350227128608,0.016806687322865197,5,13,0.8413584395094624,-2.6092645821762517e-09,-3.1012520462711853e-07
Tree,6,3,1,XX+YY_Mixer,0.8413584320726074,0.8636363504699968,0.8077350032911571,0.01680668991983103,5,13,0.8413584395094624,-7.43685502069269e-09,-8.839104323988956e-07
Tree,6,2,1,XX_Mixer,0.8413584254556257,0.8636363376168227,0.807734975559951,0.016806690123578032,5,13,0.8413584395094624,-1.4053836761007688e-08,-1.6703744921369664e-06
Tree,6,2,1,XX+YY_Mixer,0.8482229738881254,0.8888888416076237,0.8221686790862511,0.018212135274774877,5,13,0.8413584395094624,0.0068645343786629676,0.8158870293932274
Tree,6,1,1,XX_Mixer,0.9295293355627359,0.9999999665855483,0.8636411987484405,0.04114251805158145,5,13,0.8413584395094624,0.08817089605327344,10.479587761035566
Tree,6,1,1,XX+YY_Mixer,0.9449562953347677,0.9999993742961676,0.9090898819658256,0.027065144640107244,5,13,0.8413584395094624,0.10359785582530523,12.313165347899277
Tree,6,6,2,Standard_QAOA,0.927844325719096,0.9499999735750596,0.8888888734292144,0.01749214343137969,5,13,0.927844325719096,0.0,0.0
Tree,6,5,2,XX_Mixer,0.9245807002195616,0.9499999744091214,0.8974807395898696,0.02091641884377113,4,9,0.927844325719096,-0.003263625499534406,-0.3517427879946388
Tree,6,5,2,XX+YY_Mixer,0.924872903271173,0.9499999906871718,0.8888888782669757,0.019576222928953686,4,9,0.927844325719096,-0.0029714224479230333,-0.3202501072170838
Tree,6,4,2,XX_Mixer,0.9242596158745663,0.9499999771996602,0.897482633140712,0.018895705264124856,4,11,0.927844325719096,-0.003584709844529743,-0.38634819927917635
Tree,6,4,2,XX+YY_Mixer,0.9352134622595216,0.949999980365115,0.9077348356967652,0.014247749075964778,4,11,0.927844325719096,0.0073691365404255915,0.7942212218320545
Tree,6,3,2,XX_Mixer,0.9272980112844764,0.9499999545879656,0.8974833272836042,0.016313854074264063,5,13,0.927844325719096,-0.0005463144346196103,-0.05887996719667459
Tree,6,3,2,XX+YY_Mixer,0.9476684606390922,0.9999999658681188,0.8974938337705599,0.029764826105372632,5,13,0.927844325719096,0.019824134919996128,2.136579851865998
Tree,6,2,2,XX_Mixer,0.927297958515414,0.949999912047106,0.8974815988910917,0.016314095378394674,5,13,0.927844325719096,-0.0005463672036820633,-0.05888565447211404
Tree,6,2,2,XX+YY_Mixer,0.9807230074426443,0.9999999279987316,0.9375042693928594,0.026173305800372595,5,13,0.927844325719096,0.05287868172354826,5.699089842745584
Tree,6,1,2,XX_Mixer,0.9847948235601565,0.9999999645323356,0.9375002516297462,0.024518075526337734,5,13,0.927844325719096,0.05695049784106043,6.137936748917743
Tree,6,1,2,XX+YY_Mixer,0.9999991741465032,0.9999998463237496,0.999997166149652,7.6252518309532e-07,5,13,0.927844325719096,0.07215484842740716,7.776611488299598
Tree,6,6,3,Standard_QAOA,0.9732742847441375,0.9999999837562747,0.9285768821309288,0.030660631184170662,5,13,0.9732742847441375,0.0,0.0
Tree,6,5,3,XX_Mixer,0.9762764901634008,0.999999933211598,0.9374998759788008,0.028490419883664433,4,9,0.9732742847441375,0.0030022054192633263,0.30846447566962804
Tree,6,5,3,XX+YY_Mixer,0.9880043044465201,0.9999999272523826,0.9374999343675848,0.02417981868936969,4,9,0.9732742847441375,0.014730019702382635,1.5134500041018744
Tree,6,4,3,XX_Mixer,0.9839098406015169,0.999999957079066,0.9285742681664606,0.028000538976874375,4,11,0.9732742847441375,0.010635555857379408,1.0927603887300252
Tree,6,4,3,XX+YY_Mixer,0.9908167467582095,0.9999999943049226,0.9444443840815416,0.02055420201396154,4,11,0.9732742847441375,0.017542462014072058,1.8024170872534426
Tree,6,3,3,XX_Mixer,0.9690000204734641,0.9999998353969772,0.9285713055066672,0.030496618978188055,5,13,0.9732742847441375,-0.004274264270673345,-0.4391633825809956
Tree,6,3,3,XX+YY_Mixer,0.9935223248911141,0.9999999650809774,0.944444367379547,0.016736931957165784,5,13,0.9732742847441375,0.020248040146976676,2.0804043078462358
Tree,6,2,3,XX_Mixer,0.9690001135939765,0.9999998374304208,0.928571026773144,0.03049699287962147,5,13,0.9732742847441375,-0.0042741711501609325,-0.43915381482462185
Tree,6,2,3,XX+YY_Mixer,0.9999995444395431,0.9999998964855816,0.999998994848144,2.6602882834690366e-07,5,13,0.9732742847441375,0.026725259695405623,2.7459124436264526
Tree,6,1,3,XX_Mixer,0.9999702219082458,0.9999998945714368,0.9998465237084124,4.5469488397334295e-05,5,13,0.9732742847441375,0.02669593716410834,2.742899672020657
Tree,6,1,3,XX+YY_Mixer,0.9997142313768682,0.9999994113753418,0.998298565513022,0.0005121098899460663,5,13,0.9732742847441375,0.02643994663273075,2.7165976793151896
Tree,7,7,1,Standard_QAOA,0.829743808243289,0.8999999945735189,0.8045583541416849,0.025291526099588794,8,16,0.829743808243289,0.0,0.0
Tree,7,6,1,XX_Mixer,0.8269856958055312,0.871823323378077,0.8045583592180625,0.018994146942554347,6,12,0.829743808243289,-0.0027581124377578092,-0.3324053051504186
Tree,7,6,1,XX+YY_Mixer,0.8269856945376944,0.8718233267812463,0.8045583557906063,0.018994146137432028,6,12,0.829743808243289,-0.0027581137055945337,-0.3324054579489948
Tree,7,5,1,XX_Mixer,0.8302093453200862,0.8999999923366733,0.804558356247021,0.026929945397879452,7,14,0.829743808243289,0.0004655370767971956,0.05610612241660688
Tree,7,5,1,XX+YY_Mixer,0.8308999652916634,0.8999999977760507,0.8045583445711729,0.026562317295221613,7,14,0.829743808243289,0.001156157048374462,0.13933903897665068
Tree,7,4,1,XX_Mixer,0.8297438052524042,0.8999999897815467,0.8045583717583614,0.025291526045557573,8,16,0.829743808243289,-2.990884762077428e-09,-3.6045882263462117e-07
Tree,7,4,1,XX+YY_Mixer,0.8292603414312187,0.8999999864037352,0.7999999947240339,0.025808910824807477,8,16,0.829743808243289,-0.00048346681207023234,-0.05826699847195185
Tree,7,3,1,XX_Mixer,0.8297437961823957,0.899999994865967,0.8045583524784078,0.02529153146936682,8,16,0.829743808243289,-1.2060893284093765e-08,-1.453568338114961e-06
Tree,7,3,1,XX+YY_Mixer,0.8291394920087317,0.899999983002818,0.8045583390770089,0.025598240255819898,8,16,0.829743808243289,-0.0006043162345572561,-0.0728316654554733
Tree,7,2,1,XX_Mixer,0.8375999239607799,0.8999999855426972,0.8045583291530202,0.030269905358824182,8,19,0.829743808243289,0.007856115717490897,0.9468122135341572
Tree,7,2,1,XX+YY_Mixer,0.8530983222744503,0.9666664159556966,0.8045583175079539,0.04872126162192046,8,19,0.829743808243289,0.02335451403116129,2.8146656593445187
Tree,7,1,1,XX_Mixer,0.907769866192445,0.9444443721140676,0.884615370448841,0.02083023230928506,8,13,0.829743808243289,0.07802605794915607,9.40363244341054
Tree,7,1,1,XX+YY_Mixer,0.953829558214536,0.9999998957685594,0.89999983298333,0.03157877632019919,8,13,0.829743808243289,0.124085749971247,14.954706348934133
Tree,7,7,2,Standard_QAOA,0.9267582057777256,0.9545454404282464,0.8974831568616756,0.017083640339953823,8,16,0.9267582057777256,0.0,0.0
Tree,7,6,2,XX_Mixer,0.9234424703467917,0.9545454308068824,0.8974827379424988,0.015109671784672905,6,12,0.9267582057777256,-0.003315735430933886,-0.35777783355598736
Tree,7,6,2,XX+YY_Mixer,0.9243019379232367,0.9666666124101704,0.8974830919834924,0.02099744670134699,6,12,0.9267582057777256,-0.002456267854488936,-0.2650386950097369
Tree,7,5,2,XX_Mixer,0.9297113967005269,0.954545355842373,0.9038460576401768,0.015726695890503396,7,14,0.9267582057777256,0.0029531909228013298,0.31865818984824024
Tree,7,5,2,XX+YY_Mixer,0.9297113498060975,0.954545417274402,0.9038459546415611,0.01572691169104804,7,14,0.9267582057777256,0.002953144028371879,0.3186531297981475
Tree,7,4,2,XX_Mixer,0.9298883239415269,0.966666571623713,0.8974831742767608,0.0195128020689182,8,16,0.9267582057777256,0.0031301181638012654,0.33774917171351115
Tree,7,4,2,XX+YY_Mixer,0.9442900490679682,0.9999998315667096,0.8888888408301043,0.03574743137034399,8,16,0.9267582057777256,0.0175318432902426,1.8917386628942836
Tree,7,3,2,XX_Mixer,0.927068096098831,0.966666659526552,0.8974827760104548,0.01975396357582203,8,16,0.9267582057777256,0.0003098903211053994,0.0334380984353241
Tree,7,3,2,XX+YY_Mixer,0.9534773607254875,0.999999946701686,0.9166649019481508,0.02281828486210454,8,16,0.9267582057777256,0.02671915494776189,2.8830772450878337
Tree,7,2,2,XX_Mixer,0.9307823517092695,0.966666138251792,0.8888884246933973,0.02340354257426487,8,19,0.9267582057777256,0.0040241459315438766,0.4342174589289831
Tree,7,2,2,XX+YY_Mixer,0.9786385885606227,0.9999998253659512,0.949999860586189,0.018090958231752514,8,19,0.9267582057777256,0.05188038278289708,5.598049465271216
Tree,7,1,2,XX_Mixer,0.946785693677864,0.9999998663854832,0.9122627579648545,0.02136996044424529,8,13,0.9267582057777256,0.02002748790013842,2.1610262283387676
Tree,7,1,2,XX+YY_Mixer,0.9950424943741422,0.9999996446073374,0.9637519315082632,0.010531023502970418,8,13,0.9267582057777256,0.06828428859641655,7.368080279269079
Tree,7,7,3,Standard_QAOA,0.9552860867222144,0.9666666302034318,0.9374999566461032,0.010100481865747428,8,16,0.9552860867222144,0.0,0.0
Tree,7,6,3,XX_Mixer,0.9591311470416448,0.96666647751711,0.9444440891223952,0.007771094427147518,6,12,0.9552860867222144,0.003845060319430438,0.4025035403397993
Tree,7,6,3,XX+YY_Mixer,0.9612147147787917,0.9999993853511224,0.9444442769255402,0.014486208641314675,6,12,0.9552860867222144,0.005928628056577345,0.6206128341007984
Tree,7,5,3,XX_Mixer,0.9565225079707191,0.9666665077764094,0.9374997563979908,0.009861422136676377,7,14,0.9552860867222144,0.0012364212485047599,0.12942942074527422
Tree,7,5,3,XX+YY_Mixer,0.9646336804816068,0.999999959490572,0.9374998400705588,0.021322464968433315,7,14,0.9552860867222144,0.009347593759392425,0.978512498958921
Tree,7,4,3,XX_Mixer,0.9542441895809226,0.966666352375156,0.9374994975464196,0.00970000520953572,8,16,0.9552860867222144,-0.00104189714129177,-0.10906650434601597
Tree,7,4,3,XX+YY_Mixer,0.98045950792872,0.999999808303736,0.9499976477461364,0.020749980741167545,8,16,0.9552860867222144,0.025173421206505675,2.6351709248567547
Tree,7,3,3,XX_Mixer,0.9552858136471113,0.9666663052648904,0.9374997104968412,0.010100357859915554,8,16,0.9552860867222144,-2.730751030854961e-07,-2.8585688296002894e-05
Tree,7,3,3,XX+YY_Mixer,0.9900226146283833,0.9999999263190252,0.9545453560185472,0.016804049586783665,8,16,0.9552860867222144,0.03473652790616888,3.63624346559439
Tree,7,2,3,XX_Mixer,0.9502387082897855,0.9666657261314202,0.899817720738613,0.01799516732135601,8,19,0.9552860867222144,-0.005047378432428862,-0.5283630215684884
Tree,7,2,3,XX+YY_Mixer,0.9894147051149217,0.9999998662816312,0.9572206696588758,0.01609308114352159,8,19,0.9552860867222144,0.03412861839270731,3.5726070825347946
Tree,7,1,3,XX_Mixer,0.9645798775424418,0.9999997482800644,0.9056751351173842,0.030080937838957735,8,13,0.9552860867222144,0.00929379082022741,0.9728803705407605
Tree,7,1,3,XX+YY_Mixer,0.9891684842763403,0.9999955012662038,0.9479676141535728,0.01622536950337679,8,13,0.9552860867222144,0.03388239755412592,3.546832516988024
Tree,8,8,1,Standard_QAOA,0.8392493311007753,0.8666666565061315,0.8191936884293894,0.020494304425782678,5,8,0.8392493311007753,0.0,0.0
Tree,8,7,1,XX_Mixer,0.850254358328756,0.8666666439614287,0.8269535811299951,0.0207333144216114,2,3,0.8392493311007753,0.01100502722798069,1.3112941315718762
Tree,8,7,1,XX+YY_Mixer,0.8502543593654245,0.8666666532089072,0.8269535825593584,0.020733316021523576,2,3,0.8392493311007753,0.01100502826464922,1.3112942550951834
Tree,8,6,1,XX_Mixer,0.8253097683153436,0.8397791713824333,0.8191937606032383,0.008688218494640179,3,5,0.8392493311007753,-0.013939562785431625,-1.6609560793034213
Tree,8,6,1,XX+YY_Mixer,0.8240205886862814,0.8333333303225637,0.8191937425046002,0.006095997713953629,3,5,0.8392493311007753,-0.015228742414493901,-1.8145671197044144
Tree,8,5,1,XX_Mixer,0.8392493266372408,0.8666666594636024,0.8191937456918746,0.02049429583810953,5,8,0.8392493311007753,-4.4635344309540415e-09,-5.318484347314982e-07
Tree,8,5,1,XX+YY_Mixer,0.8392493262911053,0.8666666572721825,0.819193725710399,0.020494301223989753,5,8,0.8392493311007753,-4.809669995609056e-09,-5.730919069426724e-07
Tree,8,4,1,XX_Mixer,0.8392493299813741,0.8666666542153367,0.8191937289969862,0.020494297438904803,5,8,0.8392493311007753,-1.1194011273474302e-09,-1.3338123557146033e-07
Tree,8,4,1,XX+YY_Mixer,0.8392493190678751,0.8666666619598781,0.8191937417190507,0.02049430003039262,5,8,0.8392493311007753,-1.2032900120750867e-08,-1.4337694025884165e-06
Tree,8,3,1,XX_Mixer,0.8392493314299729,0.8666666561679325,0.8191937385387759,0.02049429712535132,5,8,0.8392493311007753,3.2919766912442583e-10,3.9225252487558606e-08
Tree,8,3,1,XX+YY_Mixer,0.8392493224234525,0.8666666478090991,0.8191937375528199,0.02049429999888384,5,8,0.8392493311007753,-8.677322749228722e-09,-1.03393859579815e-06
Tree,8,2,1,XX_Mixer,0.8392493200002454,0.8666666343226432,0.8191937388008161,0.02049429405147459,5,8,0.8392493311007753,-1.110052982866705e-08,-1.3226736581496449e-06
Tree,8,2,1,XX+YY_Mixer,0.8419253624687849,0.8666666405995147,0.8136422372578742,0.01993477411745583,5,8,0.8392493311007753,0.002676031368009646,0.31886011329907316
Tree,8,1,1,XX_Mixer,0.906310513441134,0.9230768905068618,0.892857124731963,0.013416210191454891,5,8,0.8392493311007753,0.06706118234035874,7.990614928748292
Tree,8,1,1,XX+YY_Mixer,0.9501189061406521,0.999997566182275,0.9230766056680684,0.025908558678141343,5,8,0.8392493311007753,0.11086957503987682,13.21056459996914
Tree,8,8,2,Standard_QAOA,0.9216376956198494,0.933333261375916,0.9090908806442118,0.008771189100393867,5,8,0.9216376956198494,0.0,0.0
Tree,8,7,2,XX_Mixer,0.9200955627212104,0.9333332725822078,0.8983821119790694,0.018954538888873287,2,3,0.9216376956198494,-0.001542132898639026,-0.16732528475865574
Tree,8,7,2,XX+YY_Mixer,0.9200955291844991,0.933333239432132,0.8983821357912116,0.018954493267263575,2,3,0.9216376956198494,-0.0015421664353503228,-0.16732892357588905
Tree,8,6,2,XX_Mixer,0.9204211164077151,0.9285713142486216,0.9107138913087398,0.00687129583812872,3,5,0.9216376956198494,-0.001216579212134361,-0.13200189379365046
Tree,8,6,2,XX+YY_Mixer,0.9204210280736019,0.928571226658756,0.9107139012076292,0.006871249378294532,3,5,0.9216376956198494,-0.0012166675462474963,-0.13201147826632936
Tree,8,5,2,XX_Mixer,0.9216369806168928,0.9333312876594624,0.9090908943736724,0.008770424066766796,5,8,0.9216376956198494,-7.150029566194149e-07,-7.757961290185057e-05
Tree,8,5,2,XX+YY_Mixer,0.9216370126129307,0.9333327183453624,0.9090908865800018,0.008771774383518595,5,8,0.9216376956198494,-6.830069186891663e-07,-7.410796259041993e-05
Tree,8,4,2,XX_Mixer,0.9200961475661448,0.9333333037645654,0.89838201542284,0.011594520563968563,5,8,0.9216376956198494,-0.0015415480537046555,-0.16726182761740058
Tree,8,4,2,XX+YY_Mixer,0.9273193766035099,0.9545450883890338,0.9107141440562282,0.01312442465139852,5,8,0.9216376956198494,0.005681680983660509,0.616476627492898
Tree,8,3,2,XX_Mixer,0.9178637690033689,0.933333248579791,0.8983809319175481,0.011448069303278088,5,8,0.9216376956198494,-0.003773926616480572,-0.4094804969910014
Tree,8,3,2,XX+YY_Mixer,0.9421073000401068,0.9790788246071974,0.8983812275077534,0.02590307422128236,5,8,0.9216376956198494,0.02046960442025736,2.2210033853368465
Tree,8,2,2,XX_Mixer,0.9163221398566561,0.9333323320570496,0.8983816929624296,0.013238293855270035,5,8,0.9216376956198494,-0.005315555763193314,-0.5767511234030337
Tree,8,2,2,XX+YY_Mixer,0.9626004965971806,0.9668683828289956,0.9545447553595856,0.004267295128624456,5,8,0.9216376956198494,0.04096280097733118,4.444566576650444
Tree,8,1,2,XX_Mixer,0.9347680884248206,0.9583270745499716,0.9230707414692938,0.013836411708577592,5,8,0.9216376956198494,0.013130392804971192,1.4246805298192928
Tree,8,1,2,XX+YY_Mixer,0.9897253835958848,0.9999931253687668,0.9607349163021456,0.016965862046966547,5,8,0.9216376956198494,0.06808768797603537,7.387684802783902
Tree,8,8,3,Standard_QAOA,0.9529604678184755,0.9642856879472717,0.9230792049371204,0.015891800691073512,5,8,0.9529604678184755,0.0,0.0
Tree,8,7,3,XX_Mixer,0.9539681307729181,0.9642856491549764,0.9333331828321528,0.01787038912252729,2,3,0.9529604678184755,0.0010076629544425453,0.1057402681927924
Tree,8,7,3,XX+YY_Mixer,0.9539679828712279,0.9642855071227892,0.9333332880294148,0.017870169933224576,2,3,0.9529604678184755,0.001007515052752317,0.10572474795924411
Tree,8,6,3,XX_Mixer,0.9619961129079477,0.9642853116336602,0.9583332712007978,0.0024655581298150945,3,5,0.9529604678184755,0.009035645089472188,0.9481657838500537
Tree,8,6,3,XX+YY_Mixer,0.9471611587881041,0.9642855850174484,0.9230768543978024,0.01968742151362391,3,5,0.9529604678184755,-0.005799309030371402,-0.6085571465149259
Tree,8,5,3,XX_Mixer,0.9577677192340518,0.9642853773363717,0.9333328778436492,0.010444672305510251,5,8,0.9529604678184755,0.0048072514155762525,0.5044544425416775
Tree,8,5,3,XX+YY_Mixer,0.9577680073700152,0.9642856408158011,0.9333331464735344,0.010444597701468473,5,8,0.9529604678184755,0.004807539551539675,0.5044846784195709
Tree,8,4,3,XX_Mixer,0.9533030039973032,0.9642854231308656,0.9285705037144726,0.014213242113229196,5,8,0.9529604678184755,0.00034253617882762377,0.03594442690909941
Tree,8,4,3,XX+YY_Mixer,0.9776312842320681,0.9999994008070014,0.9615381386486443,0.018572861340377052,5,8,0.9529604678184755,0.02467081641359259,2.588860424616481
Tree,8,3,3,XX_Mixer,0.957766665819137,0.9642854177417708,0.9333329289460944,0.010444030511006525,5,8,0.9529604678184755,0.00480619800066151,0.5043439012390405
Tree,8,3,3,XX+YY_Mixer,0.9910708056712908,0.999999765338762,0.9642847192543204,0.016532636922494123,5,8,0.9529604678184755,0.03811033785281526,3.9991520256929163
Tree,8,2,3,XX_Mixer,0.9529584869866674,0.9642853974041068,0.923076093068704,0.015891738409051153,5,8,0.9529604678184755,-1.9808318081349086e-06,-0.00020786085834908176
Tree,8,2,3,XX+YY_Mixer,0.9962528428435828,0.9999997475682996,0.9812284386803752,0.007219337266580903,5,8,0.9529604678184755,0.0432923750251073,4.542935041598581
Tree,8,1,3,XX_Mixer,0.9350051786822184,0.9584542499059564,0.9129727240530868,0.018753671588891206,5,8,0.9529604678184755,-0.017955289136257102,-1.8841588652004095
Tree,8,1,3,XX+YY_Mixer,0.9705954029448971,0.999040118328665,0.9323510344653002,0.022447094061325314,5,8,0.9529604678184755,0.017634935126421558,1.8505421496435823
Tree,9,9,1,Standard_QAOA,0.8369617067472344,0.8749999897221624,0.8045583098948477,0.026558421540134707,3,7,0.8369617067472344,0.0,0.0
Tree,9,8,1,XX_Mixer,0.8384900020156987,0.838490006376247,0.8384899976551504,6.166746522002105e-09,1,2,0.8369617067472344,0.0015282952684643192,0.18260038137274903
Tree,9,8,1,XX+YY_Mixer,0.835911654433927,0.8384899855557514,0.8333333233121026,0.0036463108407726653,1,2,0.8369617067472344,-0.001050052313307348,-0.1254600186415061
Tree,9,7,1,XX_Mixer,0.8556267651187994,0.8749999975020956,0.8252136430020381,0.026666076719244813,3,3,0.8369617067472344,0.01866505837156507,2.2300970547511545
Tree,9,7,1,XX+YY_Mixer,0.8556267545529916,0.8749999805954504,0.8252136216738525,0.026666084093647454,3,3,0.8369617067472344,0.018665047805757284,2.2300957923507725
Tree,9,6,1,XX_Mixer,0.8317036625271272,0.8666666596204633,0.8045583171283907,0.025044642419432522,2,5,0.8369617067472344,-0.0052580442201071165,-0.6282299629384438
Tree,9,6,1,XX+YY_Mixer,0.8304144952410597,0.8666666479085027,0.7981125115513921,0.02688922120036338,2,5,0.8369617067472344,-0.006547211506174655,-0.782259385751317
Tree,9,5,1,XX_Mixer,0.8369617007542756,0.8749999855071184,0.8045582912506859,0.026558427100234535,3,7,0.8369617067472344,-5.9929587958862385e-09,-7.160373942527499e-07
Tree,9,5,1,XX+YY_Mixer,0.8353041991541883,0.8749999745415948,0.7981125003924091,0.027937356586454295,3,7,0.8369617067472344,-0.0016575075930460592,-0.198038641395888
Tree,9,4,1,XX_Mixer,0.8360408651973782,0.8749999949656528,0.7981124872703944,0.02794472793399158,3,7,0.8369617067472344,-0.0009208415498561662,-0.11002194514190167
Tree,9,4,1,XX+YY_Mixer,0.8369616836821681,0.8749999764744567,0.8045582823871514,0.02655843720745566,3,7,0.8369617067472344,-2.3065066301342085e-08,-2.755809031094397e-06
Tree,9,3,1,XX_Mixer,0.8369616897772103,0.8749999949082644,0.8045582413554572,0.026558442567507033,3,7,0.8369617067472344,-1.6970024052653798e-08,-2.0275747284312504e-06
Tree,9,3,1,XX+YY_Mixer,0.8369616606819955,0.8749999855077775,0.8045582373759205,0.026558445761854833,3,7,0.8369617067472344,-4.60652388456495e-08,-5.5038645704207085e-06
Tree,9,2,1,XX_Mixer,0.839224539940154,0.8749999801045844,0.7981124901732063,0.02814161935320387,3,8,0.8369617067472344,0.0022628331929196444,0.270362810470017
Tree,9,2,1,XX+YY_Mixer,0.8500892203838635,0.947139508261041,0.80455763482241,0.04629636002827595,3,8,0.8369617067472344,0.013127513636629118,1.5684724319882986
Tree,9,1,1,XX_Mixer,0.914646407913119,0.9545453760032182,0.8999999634352602,0.021183223169544314,3,6,0.8369617067472344,0.07768470116588466,9.2817509498491
Tree,9,1,1,XX+YY_Mixer,0.9350028042864441,0.958333001580134,0.913806899694168,0.018532592481400656,3,6,0.8369617067472344,0.09804109753920975,11.713928695762725
Tree,9,9,2,Standard_QAOA,0.91878931201202,0.9545454170224392,0.8999999666327538,0.01925174792346753,3,7,0.91878931201202,0.0,0.0
Tree,9,8,2,XX_Mixer,0.8999997158279431,0.8999997896810612,0.899999641974825,1.0444408130954887e-07,1,2,0.91878931201202,-0.01878959618407683,-2.045038610966234
Tree,9,8,2,XX+YY_Mixer,0.919244914511196,0.9333332283409232,0.9051566006814687,0.019923884488968757,1,2,0.91878931201202,0.00045560249917608875,0.04958726589650712
Tree,9,7,2,XX_Mixer,0.9348484134201934,0.954545370069447,0.9166665586485528,0.01898480284173566,3,3,0.91878931201202,0.01605910140817346,1.7478546167462785
Tree,9,7,2,XX+YY_Mixer,0.9292926764781324,0.9545449654881676,0.916666420855668,0.021869123786679392,3,3,0.91878931201202,0.010503364466112441,1.1431744284346912
Tree,9,6,2,XX_Mixer,0.9233330847752266,0.9333332571930922,0.8999999468991345,0.014906979741949931,2,5,0.91878931201202,0.0045437727632066105,0.49453914012739053
Tree,9,6,2,XX+YY_Mixer,0.9176979105683994,0.9333333160966129,0.8999999462516388,0.015495956411679081,2,5,0.91878931201202,-0.001091401443620521,-0.11878691113967191
Tree,9,5,2,XX_Mixer,0.9240049163761341,0.958333137585526,0.8999998472450847,0.025032454600064608,3,7,0.91878931201202,0.005215604364114168,0.5676605393561582
Tree,9,5,2,XX+YY_Mixer,0.9187891883190022,0.9545452737265652,0.90000014269889,0.019251841679737532,3,7,0.91878931201202,-1.236930177173079e-07,-1.3462609555877125e-05
Tree,9,4,2,XX_Mixer,0.9287668121360461,0.958333267634972,0.8999998422378813,0.022773507411688505,3,7,0.91878931201202,0.009977500124026095,1.0859399422242697
Tree,9,4,2,XX+YY_Mixer,0.9251948882298678,0.9545454194464166,0.9051552157904066,0.016399478038366593,3,7,0.91878931201202,0.006405576217847875,0.6971757435685184
Tree,9,3,2,XX_Mixer,0.9251953940963025,0.954545406329328,0.905156360793462,0.016399484533154592,3,7,0.91878931201202,0.006406082084282505,0.6972308015048719
Tree,9,3,2,XX+YY_Mixer,0.9438841070283719,0.9999999443782176,0.9166666271221724,0.027079875994921287,3,7,0.91878931201202,0.025094795016351923,2.731289392276216
Tree,9,2,2,XX_Mixer,0.9234757490532312,0.95454528851172,0.8999308451185832,0.018727445396888358,3,8,0.91878931201202,0.004686437041211189,0.5100665604118259
Tree,9,2,2,XX+YY_Mixer,0.9614773942512329,0.9999986626649232,0.9333369239406198,0.02336847154292218,3,8,0.91878931201202,0.04268808223921294,4.646123075347059
Tree,9,1,2,XX_Mixer,0.93423484107054,0.9583258329856088,0.9049577775236064,0.025896914841235814,3,6,0.91878931201202,0.015445529058520036,1.6810740891942344
Tree,9,1,2,XX+YY_Mixer,0.9886715673848117,0.9999997608684168,0.9651525578691104,0.015154456248194097,3,6,0.91878931201202,0.06988225537279169,7.605906431340537
Tree,9,9,3,Standard_QAOA,0.9577919830265241,0.9666665772052604,0.9333331146310664,0.011871764861529447,3,7,0.9577919830265241,0.0,0.0
Tree,9,8,3,XX_Mixer,0.949999440623049,0.9666664962317904,0.9333323850143076,0.023570776086708618,1,2,0.9577919830265241,-0.007792542403475156,-0.8135944486454694
Tree,9,8,3,XX+YY_Mixer,0.9499996760465318,0.9666665623836328,0.9333327897094308,0.02357053670045908,1,2,0.9577919830265241,-0.007792306979992336,-0.8135698688320033
Tree,9,7,3,XX_Mixer,0.9598479457308292,0.9666658324270764,0.9545451972582228,0.006200740447855024,3,3,0.9577919830265241,0.002055962704305081,0.21465649543322032
Tree,9,7,3,XX+YY_Mixer,0.9598479614205001,0.9666652958328618,0.9545453225154646,0.0062003358911869415,3,3,0.9577919830265241,0.002055978393975977,0.21465813354161692
Tree,9,6,3,XX_Mixer,0.9583326090074855,0.9666664247852323,0.9333325559371928,0.01443373490208644,2,5,0.9577919830265241,0.0005406259809613845,0.056445030919246374
Tree,9,6,3,XX+YY_Mixer,0.9583323170432806,0.9666665641773208,0.9333327233736364,0.014433411571197223,2,5,0.9577919830265241,0.0005403340167564608,0.056414547869680524
Tree,9,5,3,XX_Mixer,0.957791439453579,0.9666665311630158,0.9333327537679832,0.011871718175358552,3,7,0.9577919830265241,-5.435729450997684e-07,-5.675271402691571e-05
Tree,9,5,3,XX+YY_Mixer,0.9577921715092764,0.9666665216295496,0.9333325250047724,0.011871929794057663,3,7,0.9577919830265241,1.8848275229466083e-07,1.967888180678593e-05
Tree,9,4,3,XX_Mixer,0.9537660151326478,0.9666663974200292,0.9333322901953072,0.013077384278148611,3,7,0.9577919830265241,-0.0040259678938763255,-0.42033844145935334
Tree,9,4,3,XX+YY_Mixer,0.9797547657565956,0.9999996127590132,0.9583327927637304,0.0191586266218246,3,7,0.9577919830265241,0.021962782730071462,2.2930639553560814
Tree,9,3,3,XX_Mixer,0.9537663232916719,0.966666422985885,0.9333329294768968,0.013076812299758173,3,7,0.9577919830265241,-0.004025659734852249,-0.42030626756047573
Tree,9,3,3,XX+YY_Mixer,0.99519930112469,0.9999996582055418,0.9666658758988204,0.012582433548452805,3,7,0.9577919830265241,0.03740731809816589,3.905578534909283
Tree,9,2,3,XX_Mixer,0.9481889702367001,0.966662929874321,0.9143018996446038,0.01896688920070034,3,8,0.9577919830265241,-0.009603012789824006,-1.0026198757145026
Tree,9,2,3,XX+YY_Mixer,0.9819867291015622,0.999999081883859,0.9425414270091148,0.02083754622300658,3,8,0.9577919830265241,0.02419474607503802,2.526096115211271
Tree,9,1,3,XX_Mixer,0.9369812209263687,0.9565533702317444,0.9026197366004,0.02041859816829349,3,6,0.9577919830265241,-0.020810762100155422,-2.172785163057594
Tree,9,1,3,XX+YY_Mixer,0.9639020068119294,0.9997908648889648,0.9139114491760116,0.0374947644455754,3,6,0.9577919830265241,0.006110023785405261,0.6379280567893473
Tree,10,10,1,Standard_QAOA,0.8482142781659299,0.874999988929629,0.8214285674022308,0.037880715439826254,2,2,0.8482142781659299,0.0,0.0
Tree,10,7,1,XX_Mixer,0.8214285595068848,0.8214285595068848,0.8214285595068848,0.0,1,1,0.8482142781659299,-0.02678571865904511,-3.157895280537263
Tree,10,7,1,XX+YY_Mixer,0.8214285575419024,0.8214285575419024,0.8214285575419024,0.0,1,1,0.8482142781659299,-0.02678572062402751,-3.1578955121983476
Tree,10,6,1,XX_Mixer,0.8482142710210018,0.8749999841190612,0.8214285579229423,0.03788071874111031,2,2,0.8482142781659299,-7.144928093616443e-09,-8.423494248488391e-07
Tree,10,6,1,XX+YY_Mixer,0.8482142746771999,0.8749999910311832,0.8214285583232167,0.03788072334568188,2,2,0.8482142781659299,-3.4887299715791187e-09,-4.1130290557271713e-07
Tree,10,5,1,XX_Mixer,0.8482142688352172,0.8749999823173186,0.8214285553531159,0.037880719284227586,2,2,0.8482142781659299,-9.330712646971051e-09,-1.1000419218533543e-06
Tree,10,5,1,XX+YY_Mixer,0.8482142731149591,0.8749999879333576,0.8214285582965607,0.03788072117403707,2,2,0.8482142781659299,-5.050970752762396e-09,-5.95482872993363e-07
Tree,10,4,1,XX_Mixer,0.8482142699382631,0.8749999791946724,0.8214285606818539,0.037880713308196506,2,2,0.8482142781659299,-8.227666770110886e-09,-9.699986173188857e-07
Tree,10,4,1,XX+YY_Mixer,0.8482142603958586,0.8749999810462864,0.8214285397454307,0.037880729421772126,2,2,0.8482142781659299,-1.777007130332464e-08,-2.094997898614531e-06
Tree,10,3,1,XX_Mixer,0.8482142634738059,0.8749999659014068,0.821428561046205,0.03788070365080316,2,2,0.8482142781659299,-1.4692123961879133e-08,-1.7321241035516996e-06
Tree,10,3,1,XX+YY_Mixer,0.8482142640191863,0.8749999842902542,0.8214285437481186,0.037880728885275966,2,2,0.8482142781659299,-1.4146743554377395e-08,-1.6678266233582514e-06
Tree,10,2,1,XX_Mixer,0.8482142645768914,0.8749999789344606,0.8214285502193223,0.037880720522326036,2,2,0.8482142781659299,-1.358903845005699e-08,-1.6020761262637774e-06
Tree,10,2,1,XX+YY_Mixer,0.8660711616443045,0.874999951061263,0.857142372227346,0.012627215089036093,2,2,0.8482142781659299,0.017856883478374663,2.1052325972378236
Tree,10,1,1,XX_Mixer,0.9047618729406288,0.9166666367013312,0.8928571091799264,0.016835878367233027,2,2,0.8482142781659299,0.05654759477469895,6.666663864344542
Tree,10,1,1,XX+YY_Mixer,0.94671315239127,0.9583329735165024,0.9350933312660376,0.016432908627653075,2,2,0.8482142781659299,0.0984988742253401,11.61249895938105
Tree,10,10,2,Standard_QAOA,0.92261900130966,0.928571401111626,0.9166666015076942,0.008417964528607111,2,2,0.92261900130966,0.0,0.0
Tree,10,7,2,XX_Mixer,0.9285713241538848,0.9285713241538848,0.9285713241538848,0.0,1,1,0.92261900130966,0.0059523228442247555,0.6451550245307562
Tree,10,7,2,XX+YY_Mixer,0.9285713827299664,0.9285713827299664,0.9285713827299664,0.0,1,1,0.92261900130966,0.005952381420306407,0.6451613734225056
Tree,10,6,2,XX_Mixer,0.9226189667290075,0.9285713209331666,0.9166666125248484,0.008417900043570388,2,2,0.92261900130966,-3.458065256367604e-08,-3.74809672406364e-06
Tree,10,6,2,XX+YY_Mixer,0.9226189663645377,0.9285713885575904,0.916666544171485,0.008417996194385727,2,2,0.92261900130966,-3.4945122351359714e-08,-3.7876005481954116e-06
Tree,10,5,2,XX_Mixer,0.9226190026700086,0.9285714133759174,0.9166665919640998,0.008417979949111027,2,2,0.92261900130966,1.3603486115343344e-09,1.4744424400573975e-07
Tree,10,5,2,XX+YY_Mixer,0.9226189413253146,0.9285713738723008,0.9166665087783284,0.00841801083705889,2,2,0.92261900130966,-5.998434537968222e-08,-6.5015293739381365e-06
Tree,10,4,2,XX_Mixer,0.9226189718961832,0.9285713405877632,0.9166666032046034,0.008417920531877393,2,2,0.92261900130966,-2.9413476765327573e-08,-3.188041512647698e-06
Tree,10,4,2,XX+YY_Mixer,0.9017856237238628,0.9285713633170936,0.8749998841306321,0.03788075621094087,2,2,0.92261900130966,-0.020833377585797175,-2.2580694258652967
Tree,10,3,2,XX_Mixer,0.9226189493958763,0.92857128355394,0.9166666152378125,0.008417871694110408,2,2,0.92261900130966,-5.191378371627309e-08,-5.626784581997698e-06
Tree,10,3,2,XX+YY_Mixer,0.922618916574875,0.9285712721783188,0.9166665609714312,0.008417902022457692,2,2,0.92261900130966,-8.473478496640041e-08,-9.184157799277836e-06
Tree,10,2,2,XX_Mixer,0.9226183279061878,0.92857131552214,0.9166653402902356,0.008418795823118677,2,2,0.92261900130966,-6.734034722066795e-07,-7.298825097367186e-05
Tree,10,2,2,XX+YY_Mixer,0.9478993766628643,0.9583327007591644,0.937466052566564,0.014754948437621814,2,2,0.92261900130966,0.025280375353204265,2.7400666274289507
Tree,10,1,2,XX_Mixer,0.9434486648281709,0.958327183378224,0.9285701462781178,0.021041402721504725,2,2,0.92261900130966,0.0208296635185109,2.2576668688747077
Tree,10,1,2,XX+YY_Mixer,0.9997465501957163,0.9997869987252984,0.9997061016661344,5.7202859112896565e-05,2,2,0.92261900130966,0.07712754888605633,8.359631524667668
Tree,10,10,3,Standard_QAOA,0.943451896007572,0.9583324465599908,0.928571345455153,0.02104427640680935,2,2,0.943451896007572,0.0,0.0
Tree,10,7,3,XX_Mixer,0.928571331483549,0.928571331483549,0.928571331483549,0.0,1,1,0.943451896007572,-0.014880564524022977,-1.5772467665806194
Tree,10,7,3,XX+YY_Mixer,0.9285713615773424,0.9285713615773424,0.9285713615773424,0.0,1,1,0.943451896007572,-0.01488053443022952,-1.5772435768267394
Tree,10,6,3,XX_Mixer,0.9462127622119746,0.9583316529747068,0.9340938714492424,0.017138699677573907,2,2,0.943451896007572,0.0027608662044026344,0.2926345493698045
Tree,10,6,3,XX+YY_Mixer,0.9462144648985578,0.9583327461700571,0.9340961836270584,0.017137837726806306,2,2,0.943451896007572,0.002762568890985806,0.2928150234978842
Tree,10,5,3,XX_Mixer,0.9226197971332957,0.9285712254960056,0.9166683687705858,0.008416590706036241,2,2,0.943451896007572,-0.020832098874276284,-2.208072182845991
Tree,10,5,3,XX+YY_Mixer,0.9613086273828337,0.9642844639923316,0.9583327907733358,0.0042084684925582675,2,2,0.943451896007572,0.01785673137526178,1.8927018378813525
Tree,10,4,3,XX_Mixer,0.9613078184293897,0.9642827923024814,0.958332844556298,0.004207248399031861,2,2,0.943451896007572,0.01785592242181777,1.8926160938760213
Tree,10,4,3,XX+YY_Mixer,0.9434515727229282,0.9583318687323134,0.9285712767135432,0.021043916428598562,2,2,0.943451896007572,-3.2328464372177734e-07,-3.426615019693413e-05
Tree,10,3,3,XX_Mixer,0.943451721881368,0.958332595487081,0.928570848275655,0.02104473327315926,2,2,0.943451896007572,-1.7412620390011568e-07,-1.8456288512108536e-05
Tree,10,3,3,XX+YY_Mixer,0.9613079212853961,0.9642840636502892,0.958331778920503,0.004208900895984924,2,2,0.943451896007572,0.01785602527782415,1.8926269959693673
Tree,10,2,3,XX_Mixer,0.961307429432002,0.9642828407442228,0.9583320181197812,0.004207867031380966,2,2,0.943451896007572,0.017855533424430026,1.8925748625859693
Tree,10,2,3,XX+YY_Mixer,0.9826988283486684,0.99977860125093,0.9656190554464068,0.024154446480630823,2,2,0.943451896007572,0.03924693234109644,4.159929351690174
Tree,10,1,3,XX_Mixer,0.9256599443334295,0.9276799108338342,0.9236399778330248,0.0028566640204116473,2,2,0.943451896007572,-0.017791951674142492,-1.885835594738123
Tree,10,1,3,XX+YY_Mixer,0.9865602115372336,0.9989211484199768,0.9741992746544904,0.017481004583213243,2,2,0.943451896007572,0.043108315529661656,4.569211818014692
Tree,11,11,1,Standard_QAOA,0.8333333255948493,0.8333333255948493,0.8333333255948493,0.0,1,1,0.8333333255948493,0.0,0.0
Tree,11,8,1,XX_Mixer,0.8333333274811765,0.8333333274811765,0.8333333274811765,0.0,1,1,0.8333333255948493,1.8863272055469338e-09,2.2635926676764514e-07
Tree,11,8,1,XX+YY_Mixer,0.8333333176800974,0.8333333176800974,0.8333333176800974,0.0,1,1,0.8333333255948493,-7.914751853910218e-09,-9.497702312889642e-07
Tree,11,7,1,XX_Mixer,0.8333333160412908,0.8333333160412908,0.8333333160412908,0.0,1,1,0.8333333255948493,-9.553558499852954e-09,-1.1464270306282832e-06
Tree,11,7,1,XX+YY_Mixer,0.8333333106909806,0.8333333106909806,0.8333333106909806,0.0,1,1,0.8333333255948493,-1.490386869473781e-08,-1.7884642599765398e-06
Tree,11,6,1,XX_Mixer,0.8333333093741887,0.8333333093741887,0.8333333093741887,0.0,1,1,0.8333333255948493,-1.622066059248084e-08,-1.9464792891730595e-06
Tree,11,6,1,XX+YY_Mixer,0.8333333137402738,0.8333333137402738,0.8333333137402738,0.0,1,1,0.8333333255948493,-1.1854575543424062e-08,-1.4225490784209354e-06
Tree,11,5,1,XX_Mixer,0.8333333195973848,0.8333333195973848,0.8333333195973848,0.0,1,1,0.8333333255948493,-5.997464525009377e-09,-7.196957496843501e-07
Tree,11,5,1,XX+YY_Mixer,0.8333333063620939,0.8333333063620939,0.8333333063620939,0.0,1,1,0.8333333255948493,-1.9232755388287615e-08,-2.307930668026375e-06
Tree,11,4,1,XX_Mixer,0.8333333144189422,0.8333333144189422,0.8333333144189422,0.0,1,1,0.8333333255948493,-1.1175907088656345e-08,-1.3411088630925407e-06
Tree,11,4,1,XX+YY_Mixer,0.8333333232053856,0.8333333232053856,0.8333333232053856,0.0,1,1,0.8333333255948493,-2.389463737983988e-09,-2.867356512207577e-07
Tree,11,3,1,XX_Mixer,0.8333333152414499,0.8333333152414499,0.8333333152414499,0.0,1,1,0.8333333255948493,-1.035339936006352e-08,-1.242407934744847e-06
Tree,11,3,1,XX+YY_Mixer,0.8333332698293047,0.8333332698293047,0.8333332698293047,0.0,1,1,0.8333333255948493,-5.5765544626495966e-08,-6.691865417321389e-06
Tree,11,2,1,XX_Mixer,0.8666666326300516,0.899999961296728,0.8333333039633752,0.047140445479453605,1,2,0.8333333255948493,0.03333330703520232,3.9999968813689732
Tree,11,2,1,XX+YY_Mixer,0.8999983943235491,0.9666635294382528,0.8333332592088454,0.09427873821664888,1,2,0.8333333255948493,0.06666506872869982,7.999808321731646
Tree,11,11,2,Standard_QAOA,0.933333304775621,0.933333304775621,0.933333304775621,0.0,1,1,0.933333304775621,0.0,0.0
Tree,11,8,2,XX_Mixer,0.933333180861034,0.933333180861034,0.933333180861034,0.0,1,1,0.933333304775621,-1.2391458703575609e-07,-1.3276563302918446e-05
Tree,11,8,2,XX+YY_Mixer,0.9333332876080678,0.9333332876080678,0.9333332876080678,0.0,1,1,0.933333304775621,-1.716755326786057e-08,-1.839380763551318e-06
Tree,11,7,2,XX_Mixer,0.9333333189241572,0.9333333189241572,0.9333333189241572,0.0,1,1,0.933333304775621,1.4148536120472954e-08,1.51591463071966e-06
Tree,11,7,2,XX+YY_Mixer,0.9333332541557684,0.9333332541557684,0.9333332541557684,0.0,1,1,0.933333304775621,-5.061985264287472e-08,-5.423555806255519e-06
Tree,11,6,2,XX_Mixer,0.9333332633552774,0.9333332633552774,0.9333332633552774,0.0,1,1,0.933333304775621,-4.142034359944091e-08,-4.437894092871636e-06
Tree,11,6,2,XX+YY_Mixer,0.933333193652278,0.933333193652278,0.933333193652278,0.0,1,1,0.933333304775621,-1.1112334308283067e-07,-1.1906072837457075e-05
Tree,11,5,2,XX_Mixer,0.9333333150379048,0.9333333150379048,0.9333333150379048,0.0,1,1,0.933333304775621,1.0262283800521743e-08,1.0995304408416946e-06
Tree,11,5,2,XX+YY_Mixer,0.8999998745382475,0.8999998745382475,0.8999998745382475,0.0,1,1,0.933333304775621,-0.03333343023737356,-3.5714390632815918
Tree,11,4,2,XX_Mixer,0.9333330772244474,0.9333330772244474,0.9333330772244474,0.0,1,1,0.933333304775621,-2.2755117368156164e-07,-2.4380483640436073e-05
Tree,11,4,2,XX+YY_Mixer,0.9333332658431516,0.9333332658431516,0.9333332658431516,0.0,1,1,0.933333304775621,-3.8932469470509545e-08,-4.171336142330113e-06
Tree,11,3,2,XX_Mixer,0.9333331936660142,0.9333331936660142,0.9333331936660142,0.0,1,1,0.933333304775621,-1.111096068484585e-07,-1.1904601098015025e-05
Tree,11,3,2,XX+YY_Mixer,0.9333332336154192,0.9333332336154192,0.9333332336154192,0.0,1,1,0.933333304775621,-7.116020184216865e-08,-7.624307573517479e-06
Tree,11,2,2,XX_Mixer,0.9332691906025996,0.9333331289828684,0.9332052522223308,9.042252453234742e-05,1,2,0.933333304775621,-6.411417302143452e-05,-0.006869375891054049
Tree,11,2,2,XX+YY_Mixer,0.9661195264114364,0.9989060101740372,0.9333330426488354,0.04636708999959542,1,2,0.933333304775621,0.03278622163581535,3.5128095684635783
Tree,11,11,3,Standard_QAOA,0.9666664629879872,0.9666664629879872,0.9666664629879872,0.0,1,1,0.9666664629879872,0.0,0.0
Tree,11,8,3,XX_Mixer,0.9333323857855912,0.9333323857855912,0.9333323857855912,0.0,1,1,0.9666664629879872,-0.033334077202396006,-3.4483535406162376
Tree,11,8,3,XX+YY_Mixer,0.9333320795660964,0.9333320795660964,0.9333320795660964,0.0,1,1,0.9666664629879872,-0.03333438342189077,-3.4483852185016803
Tree,11,7,3,XX_Mixer,0.9666660007523148,0.9666660007523148,0.9666660007523148,0.0,1,1,0.9666664629879872,-4.6223567240488705e-07,-4.781749342747513e-05
Tree,11,7,3,XX+YY_Mixer,0.9666656910037988,0.9666656910037988,0.9666656910037988,0.0,1,1,0.9666664629879872,-7.719841883524481e-07,-7.986045010460258e-05
Tree,11,6,3,XX_Mixer,0.9666659223952128,0.9666659223952128,0.9666659223952128,0.0,1,1,0.9666664629879872,-5.405927744339678e-07,-5.5923402241863624e-05
Tree,11,6,3,XX+YY_Mixer,0.9333330902914672,0.9333330902914672,0.9333330902914672,0.0,1,1,0.9666664629879872,-0.033333372696520036,-3.4482806606826775
Tree,11,5,3,XX_Mixer,0.9666663317831448,0.9666663317831448,0.9666663317831448,0.0,1,1,0.9666664629879872,-1.3120484243511754e-07,-1.357291759450933e-05
Tree,11,5,3,XX+YY_Mixer,0.9666665903064752,0.9666665903064752,0.9666665903064752,0.0,1,1,0.9666664629879872,1.2731848797464806e-07,1.317088084147492e-05
Tree,11,4,3,XX_Mixer,0.9666508225777584,0.9666508225777584,0.9666508225777584,0.0,1,1,0.9666664629879872,-1.5640410228834334e-05,-0.0016179738128588306
Tree,11,4,3,XX+YY_Mixer,0.9666663144238612,0.9666663144238612,0.9666663144238612,0.0,1,1,0.9666664629879872,-1.4856412600128266e-07,-1.53687059280062e-05
Tree,11,3,3,XX_Mixer,0.9666643645183896,0.9666643645183896,0.9666643645183896,0.0,1,1,0.9666664629879872,-2.098469597644481e-06,-0.0002170831075651539
Tree,11,3,3,XX+YY_Mixer,0.9666639711629266,0.9666639711629266,0.9666639711629266,0.0,1,1,0.9666664629879872,-2.4918250606242864e-06,-0.0002577750605852199
Tree,11,2,3,XX_Mixer,0.9035392233869755,0.9333309651687396,0.8737474816052112,0.042131885274488155,1,2,0.9666664629879872,-0.06312723960101174,-6.530405472626417
Tree,11,2,3,XX+YY_Mixer,0.9466136727465144,0.966665935057188,0.9265614104358408,0.02835818131601744,1,2,0.9666664629879872,-0.020052790241472773,-2.0744270137901712
