Detailed_Label,Total_Vertices,Graph_Instance_ID,Base_Diameter,Achieved_Reduced_Diameter,Auxiliary_Shortcuts_Added,Formal_Strategy,QAOA_Layers_p,Approximation_Ratio_AR,Physical_Circuit_Depth,Optimization_Iterations,Converged_Expectation_Value,Evaluated_Classical_Cut,Hypothesis_Category,Mixer_Type,Graph_Type,Original_Edges,Target_Reduced_Diameter,Mixer_Strategy_Case,Compiler_Opt_Level,Dominant_Measured_Bitstring
N8_id2_Mix1_Diam_6_p_1,8,2,6,6,0,Standard_QAOA,1,0.857142849450972,6,800,5.999999946156803,6,Standard_QAOA,Standard_Rxx,Bipartite,7,6,1,0,10001001
N8_id2_Mix1_Diam_6_p_2,8,2,6,6,0,Standard_QAOA,2,0.9285713595579788,10,1116,6.499999516905851,7,Standard_QAOA,Standard_Rxx,Bipartite,7,6,1,0,11110000
N8_id2_Mix1_Diam_6_p_3,8,2,6,6,0,Standard_QAOA,3,0.9999985126295536,14,5566,6.999989588406875,7,Standard_QAOA,Standard_Rxx,Bipartite,7,6,1,0,1111
N8_id2_Mix1_Diam_4_p_1,8,2,6,4,1,XX_Mixer,1,0.8571428512064141,7,748,5.999999958444898,7,Intermediate_Sweep,Standard_Rxx,Bipartite,7,4,1,0,11110000
N8_id2_Mix1_Diam_4_p_2,8,2,6,4,1,XX_Mixer,2,0.928571416426054,11,1122,6.499999914982379,7,Intermediate_Sweep,Standard_Rxx,Bipartite,7,4,1,0,11110000
N8_id2_Mix1_Diam_4_p_3,8,2,6,4,1,XX_Mixer,3,0.9285711238817214,15,2450,6.499997867172049,7,Intermediate_Sweep,Standard_Rxx,Bipartite,7,4,1,0,1111
N8_id2_Mix2_Diam_4_p_1,8,2,6,4,1,XX+YY_Mixer,1,0.8571428546438975,8,799,5.9999999825072825,6,Intermediate_Sweep,XX+YY_Driver,Bipartite,7,4,2,0,1110110
N8_id2_Mix2_Diam_4_p_2,8,2,6,4,1,XX+YY_Mixer,2,0.9285713959232342,12,1485,6.499999771462639,7,Intermediate_Sweep,XX+YY_Driver,Bipartite,7,4,2,0,11110000
N8_id2_Mix2_Diam_4_p_3,8,2,6,4,1,XX+YY_Mixer,3,0.999999051019621,16,4753,6.999993357137347,7,Intermediate_Sweep,XX+YY_Driver,Bipartite,7,4,2,0,11110000
N8_id2_Mix1_Diam_3_p_1,8,2,6,3,2,XX_Mixer,1,0.8571428498162446,8,756,5.999999948713712,6,Intermediate_Sweep,Standard_Rxx,Bipartite,7,3,1,0,1110110
N8_id2_Mix1_Diam_3_p_2,8,2,6,3,2,XX_Mixer,2,0.9285714108424516,15,1260,6.499999875897162,7,Intermediate_Sweep,Standard_Rxx,Bipartite,7,3,1,0,1111
N8_id2_Mix1_Diam_3_p_3,8,2,6,3,2,XX_Mixer,3,0.9999999279107842,22,4732,6.999999495375489,7,Intermediate_Sweep,Standard_Rxx,Bipartite,7,3,1,0,1111
N8_id2_Mix2_Diam_3_p_1,8,2,6,3,2,XX+YY_Mixer,1,0.8571428503082185,10,576,5.99999995215753,6,Intermediate_Sweep,XX+YY_Driver,Bipartite,7,3,2,0,1110110
N8_id2_Mix2_Diam_3_p_2,8,2,6,3,2,XX+YY_Mixer,2,0.9285714089031576,19,2415,6.499999862322103,7,Intermediate_Sweep,XX+YY_Driver,Bipartite,7,3,2,0,1111
N8_id2_Mix2_Diam_3_p_3,8,2,6,3,2,XX+YY_Mixer,3,0.999999619270834,28,6916,6.999997334895838,7,Intermediate_Sweep,XX+YY_Driver,Bipartite,7,3,2,0,1111
N8_id2_Mix1_Diam_2_p_1,8,2,6,2,6,XX_Mixer,1,0.8571428418049595,9,792,5.999999892634716,7,Intermediate_Sweep,Standard_Rxx,Bipartite,7,2,1,0,1111
N8_id2_Mix1_Diam_2_p_2,8,2,6,2,6,XX_Mixer,2,0.9285714179818252,16,1849,6.4999999258727765,7,Intermediate_Sweep,Standard_Rxx,Bipartite,7,2,1,0,1111
N8_id2_Mix1_Diam_2_p_3,8,2,6,2,6,XX_Mixer,3,0.9285711819281248,23,4352,6.499998273496875,7,Intermediate_Sweep,Standard_Rxx,Bipartite,7,2,1,0,1111
N8_id2_Mix2_Diam_2_p_1,8,2,6,2,6,XX+YY_Mixer,1,0.8571428167612432,12,924,5.999999717328702,7,Intermediate_Sweep,XX+YY_Driver,Bipartite,7,2,2,0,1111
N8_id2_Mix2_Diam_2_p_2,8,2,6,2,6,XX+YY_Mixer,2,0.9999999171049756,22,5977,6.99999941973483,7,Intermediate_Sweep,XX+YY_Driver,Bipartite,7,2,2,0,1111
N8_id2_Mix2_Diam_2_p_3,8,2,6,2,6,XX+YY_Mixer,3,0.9999993480864368,32,6208,6.999995436605058,7,Intermediate_Sweep,XX+YY_Driver,Bipartite,7,2,2,0,1111
N8_id2_Mix1_Diam_1_p_1,8,2,6,1,21,XX_Mixer,1,0.9285714174177294,20,1739,6.499999921924106,7,Hypo_1,Standard_Rxx,Bipartite,7,1,1,0,1111
N8_id2_Mix1_Diam_1_p_2,8,2,6,1,21,XX_Mixer,2,0.99999986839843,38,6643,6.999999078789011,7,Hypo_1,Standard_Rxx,Bipartite,7,1,1,0,11110000
N8_id2_Mix1_Diam_1_p_3,8,2,6,1,21,XX_Mixer,3,0.99999948093637,56,9483,6.99999636655459,7,Hypo_1,Standard_Rxx,Bipartite,7,1,1,0,11110000
N8_id2_Mix2_Diam_1_p_1,8,2,6,1,21,XX+YY_Mixer,1,0.999999964590256,34,1739,6.999999752131792,7,Hypo_1,XX+YY_Driver,Bipartite,7,1,2,0,1111
N8_id2_Mix2_Diam_1_p_2,8,2,6,1,21,XX+YY_Mixer,2,0.9999996482887956,66,8395,6.999997538021569,7,Hypo_1,XX+YY_Driver,Bipartite,7,1,2,0,1111
N8_id2_Mix2_Diam_1_p_3,8,2,6,1,21,XX+YY_Mixer,3,0.9999984429264104,98,12535,6.999989100484873,7,Hypo_1,XX+YY_Driver,Bipartite,7,1,2,0,1111
N8_id3_Mix1_Diam_6_p_1,8,3,6,6,0,Standard_QAOA,1,0.8571428513847745,6,416,5.9999999596934215,7,Standard_QAOA,Standard_Rxx,Bipartite,7,6,1,0,1111
N8_id3_Mix1_Diam_6_p_2,8,3,6,6,0,Standard_QAOA,2,0.928571425280162,10,2139,6.499999976961134,7,Standard_QAOA,Standard_Rxx,Bipartite,7,6,1,0,11110000
N8_id3_Mix1_Diam_6_p_3,8,3,6,6,0,Standard_QAOA,3,0.9285713903579016,14,1978,6.499999732505311,7,Standard_QAOA,Standard_Rxx,Bipartite,7,6,1,0,1111
N8_id3_Mix1_Diam_4_p_1,8,3,6,4,1,XX_Mixer,1,0.8571428545202987,7,476,5.999999981642091,6,Intermediate_Sweep,Standard_Rxx,Bipartite,7,4,1,0,11101001
N8_id3_Mix1_Diam_4_p_2,8,3,6,4,1,XX_Mixer,2,0.9285714118261312,11,1452,6.499999882782918,7,Intermediate_Sweep,Standard_Rxx,Bipartite,7,4,1,0,11110000
N8_id3_Mix1_Diam_4_p_3,8,3,6,4,1,XX_Mixer,3,0.9999998054045748,16,4704,6.999998637832023,7,Intermediate_Sweep,Standard_Rxx,Bipartite,7,4,1,0,1111
N8_id3_Mix2_Diam_4_p_1,8,3,6,4,1,XX+YY_Mixer,1,0.8571428460614013,8,799,5.99999992242981,7,Intermediate_Sweep,XX+YY_Driver,Bipartite,7,4,2,0,1111
N8_id3_Mix2_Diam_4_p_2,8,3,6,4,1,XX+YY_Mixer,2,0.9285714201025728,12,1353,6.49999994071801,7,Intermediate_Sweep,XX+YY_Driver,Bipartite,7,4,2,0,1111
N8_id3_Mix2_Diam_4_p_3,8,3,6,4,1,XX+YY_Mixer,3,0.9999959626535708,18,4655,6.999971738574995,7,Intermediate_Sweep,XX+YY_Driver,Bipartite,7,4,2,0,11110000
N8_id3_Mix1_Diam_3_p_1,8,3,6,3,2,XX_Mixer,1,0.8571428481786486,7,648,5.99999993725054,7,Intermediate_Sweep,Standard_Rxx,Bipartite,7,3,1,0,11110000
N8_id3_Mix1_Diam_3_p_2,8,3,6,3,2,XX_Mixer,2,0.9285714137659205,11,1435,6.499999896361443,7,Intermediate_Sweep,Standard_Rxx,Bipartite,7,3,1,0,11110000
N8_id3_Mix1_Diam_3_p_3,8,3,6,3,2,XX_Mixer,3,0.999996410837731,17,4004,6.999974875864117,7,Intermediate_Sweep,Standard_Rxx,Bipartite,7,3,1,0,1111
N8_id3_Mix2_Diam_3_p_1,8,3,6,3,2,XX+YY_Mixer,1,0.8571428486202665,8,612,5.999999940341866,7,Intermediate_Sweep,XX+YY_Driver,Bipartite,7,3,2,0,11110000
N8_id3_Mix2_Diam_3_p_2,8,3,6,3,2,XX+YY_Mixer,2,0.9999998427982464,13,1960,6.999998899587724,7,Intermediate_Sweep,XX+YY_Driver,Bipartite,7,3,2,0,1111
N8_id3_Mix2_Diam_3_p_3,8,3,6,3,2,XX+YY_Mixer,3,0.9999999409104688,20,2808,6.999999586373282,7,Intermediate_Sweep,XX+YY_Driver,Bipartite,7,3,2,0,11110000
N8_id3_Mix1_Diam_2_p_1,8,3,6,2,6,XX_Mixer,1,0.8571428449952003,10,880,5.999999914966402,7,Intermediate_Sweep,Standard_Rxx,Bipartite,7,2,1,0,11110000
N8_id3_Mix1_Diam_2_p_2,8,3,6,2,6,XX_Mixer,2,0.9285713936447848,18,2193,6.4999997555134925,7,Intermediate_Sweep,Standard_Rxx,Bipartite,7,2,1,0,1111
N8_id3_Mix1_Diam_2_p_3,8,3,6,2,6,XX_Mixer,3,0.9999999335550634,26,7232,6.999999534885444,7,Intermediate_Sweep,Standard_Rxx,Bipartite,7,2,1,0,11110000
N8_id3_Mix2_Diam_2_p_1,8,3,6,2,6,XX+YY_Mixer,1,0.8571428446504016,14,1122,5.999999912552811,6,Intermediate_Sweep,XX+YY_Driver,Bipartite,7,2,2,0,11101001
N8_id3_Mix2_Diam_2_p_2,8,3,6,2,6,XX+YY_Mixer,2,0.9999999485569924,25,2709,6.999999639898947,7,Intermediate_Sweep,XX+YY_Driver,Bipartite,7,2,2,0,11110000
N8_id3_Mix2_Diam_2_p_3,8,3,6,2,6,XX+YY_Mixer,3,0.9999995688968832,36,7296,6.999996982278182,7,Intermediate_Sweep,XX+YY_Driver,Bipartite,7,2,2,0,1111
N8_id3_Mix1_Diam_1_p_1,8,3,6,1,21,XX_Mixer,1,0.9999999260188952,16,4847,6.999999482132266,7,Hypo_1,Standard_Rxx,Bipartite,7,1,1,0,1111
N8_id3_Mix1_Diam_1_p_2,8,3,6,1,21,XX_Mixer,2,0.9999998766607078,31,6351,6.999999136624955,7,Hypo_1,Standard_Rxx,Bipartite,7,1,1,0,11110000
N8_id3_Mix1_Diam_1_p_3,8,3,6,1,21,XX_Mixer,3,0.9999998157077544,46,9701,6.999998709954282,7,Hypo_1,Standard_Rxx,Bipartite,7,1,1,0,1111
N8_id3_Mix2_Diam_1_p_1,8,3,6,1,21,XX+YY_Mixer,1,0.928571323913083,26,1924,6.499999267391581,7,Hypo_1,XX+YY_Driver,Bipartite,7,1,2,0,11110000
N8_id3_Mix2_Diam_1_p_2,8,3,6,1,21,XX+YY_Mixer,2,0.9999996154047952,51,6716,6.999997307833567,7,Hypo_1,XX+YY_Driver,Bipartite,7,1,2,0,1111
N8_id3_Mix2_Diam_1_p_3,8,3,6,1,21,XX+YY_Mixer,3,0.9999988487325068,76,13516,6.999991941127547,7,Hypo_1,XX+YY_Driver,Bipartite,7,1,2,0,1111
N14_id1_Mix1_Diam_6_p_1,14,1,6,6,0,Standard_QAOA,1,0.7672289361032704,11,1088,14.577349785962138,19,Standard_QAOA,Standard_Rxx,Bipartite,19,6,1,0,1111111
N14_id1_Mix1_Diam_6_p_2,14,1,6,6,0,Standard_QAOA,2,0.9210524567991374,16,3685,17.49999667918361,16,Standard_QAOA,Standard_Rxx,Bipartite,19,6,1,0,1000101001011
N14_id1_Mix1_Diam_6_p_3,14,1,6,6,0,Standard_QAOA,3,0.9473673936163534,23,6400,17.999980478710714,19,Standard_QAOA,Standard_Rxx,Bipartite,19,6,1,0,11111110000000
N14_id1_Mix1_Diam_4_p_1,14,1,6,4,1,XX_Mixer,1,0.7672289356738666,11,2345,14.577349777803466,13,Intermediate_Sweep,Standard_Rxx,Bipartite,19,4,1,0,10111001110111
N14_id1_Mix1_Diam_4_p_2,14,1,6,4,1,XX_Mixer,2,0.9210515884434316,16,4071,17.499980180425197,16,Intermediate_Sweep,Standard_Rxx,Bipartite,19,4,1,0,1000101001011
N14_id1_Mix1_Diam_4_p_3,14,1,6,4,1,XX_Mixer,3,0.9473661682029328,23,7107,17.99995719585572,19,Intermediate_Sweep,Standard_Rxx,Bipartite,19,4,1,0,1111111
N14_id1_Mix2_Diam_4_p_1,14,1,6,4,1,XX+YY_Mixer,1,0.7631578829878634,11,1995,14.499999776769403,19,Intermediate_Sweep,XX+YY_Driver,Bipartite,19,4,2,0,1111111
N14_id1_Mix2_Diam_4_p_2,14,1,6,4,1,XX+YY_Mixer,2,0.921052069133769,16,4692,17.49998931354161,19,Intermediate_Sweep,XX+YY_Driver,Bipartite,19,4,2,0,1111111
N14_id1_Mix2_Diam_4_p_3,14,1,6,4,1,XX+YY_Mixer,3,0.9473665957939,23,5459,17.9999653200841,19,Intermediate_Sweep,XX+YY_Driver,Bipartite,19,4,2,0,1111111
N14_id1_Mix1_Diam_3_p_1,14,1,6,3,3,XX_Mixer,1,0.7672289291744812,12,1295,14.577349654315142,19,Intermediate_Sweep,Standard_Rxx,Bipartite,19,3,1,0,1111111
N14_id1_Mix1_Diam_3_p_2,14,1,6,3,3,XX_Mixer,2,0.9210525339831692,22,3358,17.499998145680216,19,Intermediate_Sweep,Standard_Rxx,Bipartite,19,3,1,0,1111111
N14_id1_Mix1_Diam_3_p_3,14,1,6,3,3,XX_Mixer,3,0.9473677515177747,32,6104,17.99998727883772,19,Intermediate_Sweep,Standard_Rxx,Bipartite,19,3,1,0,1111111
N14_id1_Mix2_Diam_3_p_1,14,1,6,3,3,XX+YY_Mixer,1,0.7672289320516421,13,1480,14.5773497089812,19,Intermediate_Sweep,XX+YY_Driver,Bipartite,19,3,2,0,1111111
N14_id1_Mix2_Diam_3_p_2,14,1,6,3,3,XX+YY_Mixer,2,0.9473678744684078,24,5913,17.999989614899746,19,Intermediate_Sweep,XX+YY_Driver,Bipartite,19,3,2,0,11111110000000
N14_id1_Mix2_Diam_3_p_3,14,1,6,3,3,XX+YY_Mixer,3,0.9926523828790724,35,15042,18.860395274702377,19,Intermediate_Sweep,XX+YY_Driver,Bipartite,19,3,2,0,1111111
N14_id1_Mix1_Diam_2_p_1,14,1,6,2,13,XX_Mixer,1,0.7672289323661019,15,3525,14.577349714955936,19,Intermediate_Sweep,Standard_Rxx,Bipartite,19,2,1,0,1111111
N14_id1_Mix1_Diam_2_p_2,14,1,6,2,13,XX_Mixer,2,0.8947366453684276,28,12648,16.999996262000124,18,Intermediate_Sweep,Standard_Rxx,Bipartite,19,2,1,0,11101110000000
N14_id1_Mix1_Diam_2_p_3,14,1,6,2,13,XX_Mixer,3,0.947368045898115,41,10703,17.999992872064183,19,Intermediate_Sweep,Standard_Rxx,Bipartite,19,2,1,0,1111111
N14_id1_Mix2_Diam_2_p_1,14,1,6,2,13,XX+YY_Mixer,1,0.7672288826623712,19,4747,14.577348770585052,19,Intermediate_Sweep,XX+YY_Driver,Bipartite,19,2,2,0,11111110000000
N14_id1_Mix2_Diam_2_p_2,14,1,6,2,13,XX+YY_Mixer,2,0.9473681932940782,35,6882,17.999995672587485,19,Intermediate_Sweep,XX+YY_Driver,Bipartite,19,2,2,0,1111111
N14_id1_Mix2_Diam_2_p_3,14,1,6,2,13,XX+YY_Mixer,3,0.9999946177698088,51,13205,18.99989773762637,19,Intermediate_Sweep,XX+YY_Driver,Bipartite,19,2,2,0,11111110000000
N14_id1_Mix1_Diam_1_p_1,14,1,6,1,72,XX_Mixer,1,0.767228910537143,36,12190,14.577349300205718,19,Hypo_1,Standard_Rxx,Bipartite,19,1,1,0,1111111
N14_id1_Mix1_Diam_1_p_2,14,1,6,1,72,XX_Mixer,2,0.8947314524456881,70,15192,16.999897596468074,19,Hypo_1,Standard_Rxx,Bipartite,19,1,1,0,1111111
N14_id1_Mix1_Diam_1_p_3,14,1,6,1,72,XX_Mixer,3,0.943389681114554,104,15168,17.92440394117653,19,Hypo_1,Standard_Rxx,Bipartite,19,1,1,0,1111111
N14_id1_Mix2_Diam_1_p_1,14,1,6,1,72,XX+YY_Mixer,1,0.9999989865688788,62,9116,18.9999807448087,19,Hypo_1,XX+YY_Driver,Bipartite,19,1,2,0,1111111
N14_id1_Mix2_Diam_1_p_2,14,1,6,1,72,XX+YY_Mixer,2,0.9999425495577864,121,15192,18.99890844159794,19,Hypo_1,XX+YY_Driver,Bipartite,19,1,2,0,11111110000000
N14_id1_Mix2_Diam_1_p_3,14,1,6,1,72,XX+YY_Mixer,3,0.9931785407826772,180,15168,18.870392274870863,19,Hypo_1,XX+YY_Driver,Bipartite,19,1,2,0,11111110000000
N14_id3_Mix1_Diam_6_p_1,14,3,6,6,0,Standard_QAOA,1,0.7777777672812156,10,1155,13.999999811061882,13,Standard_QAOA,Standard_Rxx,Bipartite,18,6,1,0,11000111111011
N14_id3_Mix1_Diam_6_p_2,14,3,6,6,0,Standard_QAOA,2,0.8888888268293874,15,2795,15.999998882928974,18,Standard_QAOA,Standard_Rxx,Bipartite,18,6,1,0,1111111
N14_id3_Mix1_Diam_6_p_3,14,3,6,6,0,Standard_QAOA,3,0.9444428102706596,21,6887,16.999970584871875,18,Standard_QAOA,Standard_Rxx,Bipartite,18,6,1,0,1111111
N14_id3_Mix1_Diam_5_p_1,14,3,6,5,1,XX_Mixer,1,0.7777777647774923,10,1258,13.99999976599486,13,Intermediate_Sweep,Standard_Rxx,Bipartite,18,5,1,0,11100111111010
N14_id3_Mix1_Diam_5_p_2,14,3,6,5,1,XX_Mixer,2,0.888888364621473,15,3819,15.999990563186516,18,Intermediate_Sweep,Standard_Rxx,Bipartite,18,5,1,0,1111111
N14_id3_Mix1_Diam_5_p_3,14,3,6,5,1,XX_Mixer,3,0.9444442051808452,22,12100,16.999995693255215,18,Intermediate_Sweep,Standard_Rxx,Bipartite,18,5,1,0,1111111
N14_id3_Mix2_Diam_5_p_1,14,3,6,5,1,XX+YY_Mixer,1,0.7777777688566899,10,1666,13.999999839420418,18,Intermediate_Sweep,XX+YY_Driver,Bipartite,18,5,2,0,11111110000000
N14_id3_Mix2_Diam_5_p_2,14,3,6,5,1,XX+YY_Mixer,2,0.8888882003363351,16,3551,15.999987606054033,18,Intermediate_Sweep,XX+YY_Driver,Bipartite,18,5,2,0,1111111
N14_id3_Mix2_Diam_5_p_3,14,3,6,5,1,XX+YY_Mixer,3,0.944444177028215,23,5900,16.99999518650787,18,Intermediate_Sweep,XX+YY_Driver,Bipartite,18,5,2,0,1111111
N14_id3_Mix1_Diam_4_p_1,14,3,6,4,2,XX_Mixer,1,0.7777777713060031,10,1190,13.999999883508057,16,Intermediate_Sweep,Standard_Rxx,Bipartite,18,4,1,0,11101110101010
N14_id3_Mix1_Diam_4_p_2,14,3,6,4,2,XX_Mixer,2,0.8654079555254186,15,7038,15.577343199457536,18,Intermediate_Sweep,Standard_Rxx,Bipartite,18,4,1,0,1111111
N14_id3_Mix1_Diam_4_p_3,14,3,6,4,2,XX_Mixer,3,0.944443986491198,22,12772,16.999991756841563,18,Intermediate_Sweep,Standard_Rxx,Bipartite,18,4,1,0,11111110000000
N14_id3_Mix2_Diam_4_p_1,14,3,6,4,2,XX+YY_Mixer,1,0.7777777621331337,11,1610,13.999999718396406,11,Intermediate_Sweep,XX+YY_Driver,Bipartite,18,4,2,0,11001110111011
N14_id3_Mix2_Diam_4_p_2,14,3,6,4,2,XX+YY_Mixer,2,0.8888884118143713,17,2967,15.999991412658684,18,Intermediate_Sweep,XX+YY_Driver,Bipartite,18,4,2,0,1111111
N14_id3_Mix2_Diam_4_p_3,14,3,6,4,2,XX+YY_Mixer,3,0.9999980645258212,24,10609,17.99996516146478,18,Intermediate_Sweep,XX+YY_Driver,Bipartite,18,4,2,0,11111110000000
N14_id3_Mix1_Diam_3_p_1,14,3,6,3,3,XX_Mixer,1,0.7777777588211072,11,1656,13.999999658779933,18,Intermediate_Sweep,Standard_Rxx,Bipartite,18,3,1,0,1111111
N14_id3_Mix1_Diam_3_p_2,14,3,6,3,3,XX_Mixer,2,0.8888887087887191,16,3905,15.999996758196945,18,Intermediate_Sweep,Standard_Rxx,Bipartite,18,3,1,0,1111111
N14_id3_Mix1_Diam_3_p_3,14,3,6,3,3,XX_Mixer,3,0.9444437818625172,24,9540,16.999988073525312,18,Intermediate_Sweep,Standard_Rxx,Bipartite,18,3,1,0,1111111
N14_id3_Mix2_Diam_3_p_1,14,3,6,3,3,XX+YY_Mixer,1,0.7777777685648305,12,1656,13.99999983416695,13,Intermediate_Sweep,XX+YY_Driver,Bipartite,18,3,2,0,11100111111010
N14_id3_Mix2_Diam_3_p_2,14,3,6,3,3,XX+YY_Mixer,2,0.94444426474356,18,7739,16.999996765384083,16,Intermediate_Sweep,XX+YY_Driver,Bipartite,18,3,2,0,10001110101
N14_id3_Mix2_Diam_3_p_3,14,3,6,3,3,XX+YY_Mixer,3,0.9999989363016376,27,8374,17.999980853429477,18,Intermediate_Sweep,XX+YY_Driver,Bipartite,18,3,2,0,1111111
N14_id3_Mix1_Diam_2_p_1,14,3,6,2,18,XX_Mixer,1,0.777777765981192,14,5457,13.999999787661457,18,Intermediate_Sweep,Standard_Rxx,Bipartite,18,2,1,0,1111111
N14_id3_Mix1_Diam_2_p_2,14,3,6,2,18,XX_Mixer,2,0.8888886671235662,27,8282,15.99999600822419,15,Intermediate_Sweep,Standard_Rxx,Bipartite,18,2,1,0,11010001010001
N14_id3_Mix1_Diam_2_p_3,14,3,6,2,18,XX_Mixer,3,0.9444436866933824,40,12533,16.999986360480886,18,Intermediate_Sweep,Standard_Rxx,Bipartite,18,2,1,0,1111111
N14_id3_Mix2_Diam_2_p_1,14,3,6,2,18,XX+YY_Mixer,1,0.7777777180896126,19,3162,13.999998925613028,18,Intermediate_Sweep,XX+YY_Driver,Bipartite,18,2,2,0,1111111
N14_id3_Mix2_Diam_2_p_2,14,3,6,2,18,XX+YY_Mixer,2,0.9999995024971982,37,6868,17.999991044949567,18,Intermediate_Sweep,XX+YY_Driver,Bipartite,18,2,2,0,1111111
N14_id3_Mix2_Diam_2_p_3,14,3,6,2,18,XX+YY_Mixer,3,0.999995982574992,55,12231,17.999927686349857,18,Intermediate_Sweep,XX+YY_Driver,Bipartite,18,2,2,0,1111111
N14_id3_Mix1_Diam_1_p_1,14,3,6,1,73,XX_Mixer,1,0.8055554480739523,35,10918,14.49999806533114,18,Hypo_1,Standard_Rxx,Bipartite,18,1,1,0,1111111
N14_id3_Mix1_Diam_1_p_2,14,3,6,1,73,XX_Mixer,2,0.8888850959360912,69,15192,15.999931726849642,18,Hypo_1,Standard_Rxx,Bipartite,18,1,1,0,1111111
N14_id3_Mix1_Diam_1_p_3,14,3,6,1,73,XX_Mixer,3,0.944558187806135,103,15168,17.00204738051043,18,Hypo_1,Standard_Rxx,Bipartite,18,1,1,0,1111111
N14_id3_Mix2_Diam_1_p_1,14,3,6,1,73,XX+YY_Mixer,1,0.9722213169608468,60,9328,17.499983705295243,18,Hypo_1,XX+YY_Driver,Bipartite,18,1,2,0,11111110000000
N14_id3_Mix2_Diam_1_p_2,14,3,6,1,73,XX+YY_Mixer,2,0.9999430344149296,119,15192,17.998974619468733,18,Hypo_1,XX+YY_Driver,Bipartite,18,1,2,0,11111110000000
N14_id3_Mix2_Diam_1_p_3,14,3,6,1,73,XX+YY_Mixer,3,0.9882095315597784,178,15168,17.78777156807601,18,Hypo_1,XX+YY_Driver,Bipartite,18,1,2,0,1111111
N16_id4_Mix1_Diam_6_p_1,16,4,6,6,0,Standard_QAOA,1,0.7608695476715335,10,1400,17.49999959644527,23,Standard_QAOA,Standard_Rxx,Bipartite,23,6,1,0,11111111
N16_id4_Mix1_Diam_6_p_2,16,4,6,6,0,Standard_QAOA,2,0.891303865576815,16,5293,20.499988908266744,23,Standard_QAOA,Standard_Rxx,Bipartite,23,6,1,0,11111111
N16_id4_Mix1_Diam_6_p_3,16,4,6,6,0,Standard_QAOA,3,0.9782601127181434,23,13688,22.4999825925173,23,Standard_QAOA,Standard_Rxx,Bipartite,23,6,1,0,11111111
N16_id4_Mix1_Diam_5_p_1,16,4,6,5,1,XX_Mixer,1,0.7608695593657993,10,1845,17.499999865413383,15,Intermediate_Sweep,Standard_Rxx,Bipartite,23,5,1,0,1101011001101110
N16_id4_Mix1_Diam_5_p_2,16,4,6,5,1,XX_Mixer,2,0.8913039745695562,16,4455,20.499991415099792,23,Intermediate_Sweep,Standard_Rxx,Bipartite,23,5,1,0,1111111100000000
N16_id4_Mix1_Diam_5_p_3,16,4,6,5,1,XX_Mixer,3,0.9999988534108856,23,12221,22.99997362845037,23,Intermediate_Sweep,Standard_Rxx,Bipartite,23,5,1,0,1111111100000000
N16_id4_Mix2_Diam_5_p_1,16,4,6,5,1,XX+YY_Mixer,1,0.7608695486632828,11,3198,17.499999619255505,14,Intermediate_Sweep,XX+YY_Driver,Bipartite,23,5,2,0,110010011
N16_id4_Mix2_Diam_5_p_2,16,4,6,5,1,XX+YY_Mixer,2,0.8913038866038225,17,6561,20.49998939188792,23,Intermediate_Sweep,XX+YY_Driver,Bipartite,23,5,2,0,1111111100000000
N16_id4_Mix2_Diam_5_p_3,16,4,6,5,1,XX+YY_Mixer,3,0.9999987870562732,25,15004,22.999972102294286,23,Intermediate_Sweep,XX+YY_Driver,Bipartite,23,5,2,0,11111111
N16_id4_Mix1_Diam_4_p_1,16,4,6,4,2,XX_Mixer,1,0.7391304208391251,11,1722,16.999999679299876,23,Intermediate_Sweep,Standard_Rxx,Bipartite,23,4,1,0,1111111100000000
N16_id4_Mix1_Diam_4_p_2,16,4,6,4,2,XX_Mixer,2,0.8913039427960616,17,4233,20.499990684309417,23,Intermediate_Sweep,Standard_Rxx,Bipartite,23,4,1,0,11111111
N16_id4_Mix1_Diam_4_p_3,16,4,6,4,2,XX_Mixer,3,0.9999986131891768,24,15004,22.999968103351065,23,Intermediate_Sweep,Standard_Rxx,Bipartite,23,4,1,0,11111111
N16_id4_Mix2_Diam_4_p_1,16,4,6,4,2,XX+YY_Mixer,1,0.7608695400145475,13,2856,17.499999420334593,14,Intermediate_Sweep,XX+YY_Driver,Bipartite,23,4,2,0,1111111001101100
N16_id4_Mix2_Diam_4_p_2,16,4,6,4,2,XX+YY_Mixer,2,0.8913032015956502,19,5478,20.49997363669996,21,Intermediate_Sweep,XX+YY_Driver,Bipartite,23,4,2,0,1000011111111
N16_id4_Mix2_Diam_4_p_3,16,4,6,4,2,XX+YY_Mixer,3,0.9782632803538304,27,15004,22.50005544813809,23,Intermediate_Sweep,XX+YY_Driver,Bipartite,23,4,2,0,11111111
N16_id4_Mix1_Diam_3_p_1,16,4,6,3,6,XX_Mixer,1,0.7608694310763923,12,3910,17.499996914757023,12,Intermediate_Sweep,Standard_Rxx,Bipartite,23,3,1,0,1011111011111100
N16_id4_Mix1_Diam_3_p_2,16,4,6,3,6,XX_Mixer,2,0.8913038375688521,22,4368,20.4999882640836,23,Intermediate_Sweep,Standard_Rxx,Bipartite,23,3,1,0,1111111100000000
N16_id4_Mix1_Diam_3_p_3,16,4,6,3,6,XX_Mixer,3,0.999997995779252,32,12376,22.9999539029228,23,Intermediate_Sweep,Standard_Rxx,Bipartite,23,3,1,0,11111111
N16_id4_Mix2_Diam_3_p_1,16,4,6,3,6,XX+YY_Mixer,1,0.7391303855543896,15,2300,16.99999886775096,23,Intermediate_Sweep,XX+YY_Driver,Bipartite,23,3,2,0,1111111100000000
N16_id4_Mix2_Diam_3_p_2,16,4,6,3,6,XX+YY_Mixer,2,0.9347822202333432,26,7826,21.499991065366896,23,Intermediate_Sweep,XX+YY_Driver,Bipartite,23,3,2,0,11111111
N16_id4_Mix2_Diam_3_p_3,16,4,6,3,6,XX+YY_Mixer,3,0.9999952842286416,37,15096,22.99989153725876,23,Intermediate_Sweep,XX+YY_Driver,Bipartite,23,3,2,0,11111111
N16_id4_Mix1_Diam_2_p_1,16,4,6,2,22,XX_Mixer,1,0.7391304189907807,18,4588,16.999999636787955,13,Intermediate_Sweep,Standard_Rxx,Bipartite,23,2,1,0,1010111011110101
N16_id4_Mix1_Diam_2_p_2,16,4,6,2,22,XX_Mixer,2,0.8913039906685548,35,12177,20.49999178537676,23,Intermediate_Sweep,Standard_Rxx,Bipartite,23,2,1,0,1111111100000000
N16_id4_Mix1_Diam_2_p_3,16,4,6,2,22,XX_Mixer,3,0.9999109194921668,52,15088,22.997951148319835,23,Intermediate_Sweep,Standard_Rxx,Bipartite,23,2,1,0,1111111100000000
N16_id4_Mix2_Diam_2_p_1,16,4,6,2,22,XX+YY_Mixer,1,0.7934781741065953,27,4526,18.24999800445169,22,Intermediate_Sweep,XX+YY_Driver,Bipartite,23,2,2,0,1101011100000010
N16_id4_Mix2_Diam_2_p_2,16,4,6,2,22,XX+YY_Mixer,2,0.9782601032428532,53,9717,22.49998237458562,23,Intermediate_Sweep,XX+YY_Driver,Bipartite,23,2,2,0,1111111100000000
N16_id4_Mix2_Diam_2_p_3,16,4,6,2,22,XX+YY_Mixer,3,0.9997003451401716,79,15088,22.993107938223943,23,Intermediate_Sweep,XX+YY_Driver,Bipartite,23,2,2,0,11111111
N16_id4_Mix1_Diam_1_p_1,16,4,6,1,97,XX_Mixer,1,0.7608695002770398,47,8494,17.499998506371917,22,Hypo_1,Standard_Rxx,Bipartite,23,1,1,0,10100011111101
N16_id4_Mix1_Diam_1_p_2,16,4,6,1,97,XX_Mixer,2,0.9345513718987286,93,15015,21.49468155367076,23,Hypo_1,Standard_Rxx,Bipartite,23,1,1,0,11111111
N16_id4_Mix1_Diam_1_p_3,16,4,6,1,97,XX_Mixer,3,0.9303013734336828,139,15133,21.396931588974702,23,Hypo_1,Standard_Rxx,Bipartite,23,1,1,0,11111111
N16_id4_Mix2_Diam_1_p_1,16,4,6,1,97,XX+YY_Mixer,1,0.9347821733826468,84,15070,21.499989987800877,21,Hypo_1,XX+YY_Driver,Bipartite,23,1,2,0,100000001101111
N16_id4_Mix2_Diam_1_p_2,16,4,6,1,97,XX+YY_Mixer,2,0.9947700765286662,167,15015,22.879711760159324,23,Hypo_1,XX+YY_Driver,Bipartite,23,1,2,0,1111111100000000
N16_id4_Mix2_Diam_1_p_3,16,4,6,1,97,XX+YY_Mixer,3,0.951139534633996,250,15133,21.876209296581905,23,Hypo_1,XX+YY_Driver,Bipartite,23,1,2,0,11111111
